id_phantom,Phantom_Count,Phantom_Build,Phantom_Death
1,2.0,1,True
2,2.0,4,True
3,1.0,,
4,2.0,1,False
5,2.0,3,True
6,1.0,,
7,2.0,3,False
8,2.0,4,True
9,2.0,5,False
10,1.0,,
11,2.0,4,False
12,2.0,5,False
13,1.0,,
14,2.0,3,True
15,2.0,2,True
16,1.0,,
17,2.0,5,True
18,1.0,,
19,1.0,,
20,2.0,5,False
21,1.0,,
22,2.0,4,True
23,2.0,2,True
24,2.0,3,False
25,2.0,4,True
26,2.0,1,True
27,2.0,2,False
28,2.0,2,False
29,1.0,,
30,2.0,5,True
31,2.0,1,True
32,2.0,2,False
33,2.0,3,True
34,2.0,3,True
35,2.0,3,False
36,2.0,4,False
37,2.0,3,False
38,1.0,,
39,1.0,,
40,2.0,3,True
41,2.0,1,True
42,1.0,,
43,1.0,,
44,2.0,5,True
45,2.0,3,True
46,2.0,1,False
47,1.0,,
48,1.0,,
49,1.0,,
50,2.0,2,True
51,1.0,,
52,1.0,,
53,1.0,,
54,2.0,4,False
55,2.0,2,False
56,1.0,,
57,2.0,3,False
58,2.0,1,True
59,2.0,4,False
60,1.0,,
61,1.0,,
62,1.0,,
63,2.0,2,True
64,2.0,1,False
65,1.0,,
66,2.0,1,True
67,1.0,,
68,2.0,2,False
69,2.0,5,True
70,2.0,4,True
71,2.0,2,True
72,2.0,1,True
73,2.0,1,True
74,1.0,,
75,2.0,4,True
76,2.0,1,False
77,2.0,2,False
78,2.0,3,False
79,1.0,,
80,2.0,4,False
81,1.0,,
82,2.0,4,True
83,2.0,1,False
84,1.0,,
85,1.0,,
86,1.0,,
87,2.0,5,False
88,2.0,5,False
89,2.0,3,True
90,1.0,,
91,2.0,1,False
92,2.0,1,True
93,2.0,2,True
94,2.0,2,True
95,1.0,,
96,2.0,2,True
97,1.0,,
98,2.0,4,False
99,2.0,5,True
100,2.0,5,True
101,1.0,,
102,2.0,1,True
103,1.0,,
104,1.0,,
105,1.0,,
106,1.0,,
107,1.0,,
108,2.0,1,True
109,1.0,,
110,2.0,1,True
111,2.0,2,False
112,1.0,,
113,2.0,3,True
114,2.0,4,False
115,1.0,,
116,2.0,5,False
117,2.0,5,True
118,2.0,5,False
119,1.0,,
120,2.0,3,False
121,2.0,3,True
122,2.0,4,False
123,1.0,,
124,2.0,1,False
125,1.0,,
126,2.0,4,True
127,2.0,3,True
128,2.0,4,True
129,1.0,,
130,2.0,5,False
131,2.0,2,False
132,2.0,1,True
133,2.0,2,True
134,2.0,2,False
135,2.0,2,False
136,2.0,1,False
137,2.0,3,False
138,2.0,5,True
139,1.0,,
140,2.0,1,False
141,2.0,4,True
142,2.0,2,True
143,2.0,4,False
144,2.0,5,False
145,2.0,1,False
146,2.0,3,True
147,2.0,4,True
148,2.0,3,False
149,1.0,,
150,1.0,,
151,1.0,,
152,2.0,2,True
153,1.0,,
154,2.0,4,False
155,2.0,3,True
156,1.0,,
157,1.0,,
158,1.0,,
159,2.0,4,False
160,2.0,2,True
161,1.0,,
162,2.0,4,False
163,2.0,1,False
164,2.0,3,True
165,1.0,,
166,2.0,1,False
167,2.0,3,True
168,2.0,4,False
169,2.0,3,True
170,1.0,,
171,2.0,3,False
172,1.0,,
173,2.0,2,False
174,1.0,,
175,2.0,3,False
176,1.0,,
177,2.0,3,False
178,1.0,,
179,2.0,5,True
180,2.0,3,False
181,2.0,4,True
182,2.0,5,True
183,2.0,4,False
184,1.0,,
185,2.0,2,True
186,1.0,,
187,2.0,5,True
188,2.0,4,True
189,2.0,4,True
190,2.0,4,True
191,1.0,,
192,2.0,4,False
193,2.0,4,False
194,1.0,,
195,2.0,1,True
196,2.0,1,False
197,1.0,,
198,1.0,,
199,2.0,4,False
200,2.0,1,False
201,2.0,4,True
202,2.0,2,True
203,2.0,1,False
204,2.0,1,False
205,2.0,3,True
206,2.0,2,False
207,2.0,2,True
208,2.0,3,False
209,1.0,,
210,2.0,2,False
211,2.0,1,True
212,1.0,,
213,2.0,1,False
214,2.0,2,False
215,2.0,5,True
216,2.0,1,True
217,2.0,3,False
218,2.0,2,True
219,1.0,,
220,2.0,1,True
221,2.0,3,True
222,2.0,5,False
223,1.0,,
224,2.0,2,True
225,2.0,1,False
226,2.0,5,False
227,1.0,,
228,2.0,5,True
229,1.0,,
230,2.0,4,False
231,1.0,,
232,2.0,3,True
233,2.0,5,False
234,2.0,5,True
235,2.0,3,False
236,2.0,3,True
237,2.0,1,True
238,2.0,4,True
239,2.0,3,True
240,2.0,5,False
241,2.0,2,True
242,2.0,5,True
243,1.0,,
244,1.0,,
245,1.0,,
246,1.0,,
247,2.0,5,False
248,1.0,,
249,2.0,5,True
250,2.0,2,False
251,2.0,1,True
252,2.0,4,False
253,1.0,,
254,2.0,3,False
255,1.0,,
256,2.0,3,False
257,2.0,1,True
258,2.0,1,True
259,2.0,4,False
260,1.0,,
261,2.0,2,False
262,2.0,1,False
263,2.0,1,False
264,1.0,,
265,2.0,3,True
266,2.0,1,False
267,1.0,,
268,1.0,,
269,2.0,3,False
270,1.0,,
271,2.0,4,False
272,2.0,1,True
273,1.0,,
274,2.0,2,False
275,2.0,2,True
276,1.0,,
277,2.0,3,True
278,1.0,,
279,2.0,2,True
280,1.0,,
281,1.0,,
282,2.0,2,False
283,2.0,3,True
284,1.0,,
285,2.0,5,False
286,2.0,4,False
287,1.0,,
288,2.0,2,True
289,2.0,1,False
290,2.0,5,False
291,1.0,,
292,2.0,5,False
293,2.0,3,True
294,2.0,4,False
295,2.0,2,True
296,2.0,1,True
297,2.0,1,True
298,2.0,4,False
299,2.0,2,True
300,2.0,5,True
301,1.0,,
302,2.0,1,False
303,2.0,5,True
304,2.0,2,False
305,1.0,,
306,2.0,5,True
307,2.0,3,False
308,2.0,3,True
309,2.0,4,True
310,2.0,3,False
311,2.0,1,True
312,1.0,,
313,2.0,1,True
314,2.0,2,False
315,1.0,,
316,2.0,2,True
317,2.0,1,True
318,2.0,1,False
319,1.0,,
320,2.0,3,False
321,2.0,2,False
322,2.0,5,False
323,2.0,2,False
324,2.0,4,False
325,2.0,5,False
326,1.0,,
327,2.0,4,False
328,2.0,2,False
329,1.0,,
330,2.0,1,True
331,2.0,2,False
332,2.0,4,True
333,1.0,,
334,2.0,3,True
335,1.0,,
336,1.0,,
337,1.0,,
338,2.0,5,True
339,2.0,5,True
340,2.0,2,True
341,1.0,,
342,2.0,4,False
343,2.0,4,True
344,1.0,,
345,2.0,2,False
346,1.0,,
347,1.0,,
348,1.0,,
349,2.0,4,False
350,2.0,5,False
351,1.0,,
352,1.0,,
353,2.0,1,True
354,2.0,4,True
355,2.0,3,False
356,1.0,,
357,2.0,3,False
358,2.0,1,False
359,2.0,4,True
360,2.0,2,False
361,2.0,2,True
362,2.0,1,False
363,1.0,,
364,2.0,3,True
365,1.0,,
366,2.0,4,False
367,1.0,,
368,2.0,5,True
369,2.0,3,True
370,2.0,3,True
371,2.0,1,False
372,2.0,4,True
373,2.0,2,False
374,2.0,4,False
375,2.0,1,True
376,1.0,,
377,1.0,,
378,2.0,5,True
379,1.0,,
380,2.0,4,True
381,2.0,2,True
382,1.0,,
383,2.0,5,False
384,2.0,3,True
385,1.0,,
386,2.0,4,True
387,1.0,,
388,2.0,5,False
389,2.0,5,True
390,2.0,2,True
391,1.0,,
392,2.0,4,True
393,1.0,,
394,2.0,5,True
395,1.0,,
396,2.0,4,False
397,2.0,3,False
398,2.0,4,True
399,2.0,4,True
400,2.0,2,True
401,2.0,3,False
402,1.0,,
403,1.0,,
404,1.0,,
405,1.0,,
406,2.0,4,True
407,2.0,4,False
408,1.0,,
409,2.0,3,False
410,1.0,,
411,1.0,,
412,1.0,,
413,1.0,,
414,2.0,3,False
415,2.0,1,False
416,2.0,2,True
417,2.0,5,True
418,1.0,,
419,2.0,5,True
420,2.0,5,True
421,2.0,2,False
422,2.0,5,True
423,1.0,,
424,1.0,,
425,2.0,2,False
426,1.0,,
427,1.0,,
428,1.0,,
429,1.0,,
430,2.0,5,False
431,2.0,4,True
432,1.0,,
433,2.0,5,False
434,1.0,,
435,1.0,,
436,2.0,3,True
437,2.0,3,False
438,2.0,1,True
439,2.0,2,False
440,1.0,,
441,1.0,,
442,1.0,,
443,2.0,4,True
444,1.0,,
445,2.0,1,True
446,2.0,3,False
447,2.0,3,False
448,1.0,,
449,2.0,2,False
450,1.0,,
451,2.0,3,True
452,1.0,,
453,2.0,4,False
454,2.0,3,False
455,2.0,5,False
456,1.0,,
457,1.0,,
458,1.0,,
459,2.0,4,True
460,2.0,4,True
461,2.0,2,False
462,2.0,5,False
463,1.0,,
464,2.0,5,True
465,2.0,5,True
466,2.0,5,False
467,2.0,2,False
468,2.0,1,False
469,2.0,5,True
470,1.0,,
471,2.0,3,False
472,2.0,5,False
473,2.0,5,True
474,2.0,1,True
475,2.0,2,False
476,2.0,5,True
477,2.0,5,True
478,2.0,4,False
479,2.0,5,True
480,2.0,1,False
481,2.0,1,False
482,2.0,5,True
483,2.0,2,True
484,2.0,3,False
485,1.0,,
486,2.0,4,True
487,2.0,3,True
488,2.0,2,False
489,1.0,,
490,1.0,,
491,1.0,,
492,1.0,,
493,1.0,,
494,2.0,5,True
495,2.0,3,False
496,2.0,2,False
497,2.0,5,False
498,2.0,5,True
499,2.0,2,True
500,1.0,,
501,2.0,5,True
502,1.0,,
503,2.0,2,True
504,2.0,3,True
505,1.0,,
506,1.0,,
507,1.0,,
508,2.0,5,False
509,2.0,4,True
510,1.0,,
511,2.0,4,True
512,2.0,3,True
513,2.0,4,False
514,2.0,5,False
515,1.0,,
516,1.0,,
517,2.0,1,True
518,1.0,,
519,2.0,2,True
520,2.0,5,True
521,2.0,3,True
522,1.0,,
523,1.0,,
524,2.0,1,False
525,1.0,,
526,1.0,,
527,2.0,2,True
528,2.0,2,True
529,1.0,,
530,2.0,5,False
531,2.0,2,False
532,1.0,,
533,2.0,1,True
534,2.0,4,True
535,2.0,2,True
536,2.0,2,False
537,2.0,4,True
538,2.0,3,True
539,1.0,,
540,2.0,1,True
541,2.0,3,True
542,2.0,5,False
543,2.0,1,False
544,1.0,,
545,2.0,2,False
546,2.0,5,True
547,2.0,3,True
548,2.0,2,False
549,1.0,,
550,2.0,5,True
551,2.0,4,False
552,2.0,1,False
553,2.0,5,False
554,2.0,4,True
555,2.0,5,True
556,1.0,,
557,1.0,,
558,2.0,3,True
559,2.0,1,True
560,2.0,4,False
561,1.0,,
562,1.0,,
563,2.0,1,False
564,1.0,,
565,1.0,,
566,1.0,,
567,2.0,4,False
568,2.0,2,True
569,2.0,3,False
570,2.0,5,False
571,2.0,4,True
572,2.0,5,False
573,2.0,4,True
574,2.0,4,False
575,1.0,,
576,2.0,3,True
577,2.0,1,False
578,2.0,1,True
579,1.0,,
580,1.0,,
581,2.0,3,True
582,2.0,4,False
583,1.0,,
584,2.0,4,False
585,2.0,5,False
586,1.0,,
587,1.0,,
588,2.0,4,False
589,2.0,2,False
590,2.0,3,True
591,2.0,5,True
592,2.0,3,True
593,2.0,5,False
594,2.0,3,True
595,2.0,5,True
596,2.0,5,False
597,2.0,1,False
598,1.0,,
599,1.0,,
600,2.0,1,True
601,2.0,1,True
602,2.0,1,True
603,2.0,3,False
604,2.0,2,True
605,2.0,4,True
606,2.0,2,False
607,1.0,,
608,2.0,4,True
609,1.0,,
610,2.0,3,False
611,2.0,5,False
612,1.0,,
613,2.0,4,True
614,2.0,4,True
615,1.0,,
616,2.0,3,True
617,1.0,,
618,2.0,3,True
619,2.0,3,True
620,2.0,2,False
621,2.0,1,False
622,2.0,3,True
623,2.0,4,False
624,2.0,1,True
625,2.0,4,True
626,2.0,2,True
627,2.0,5,False
628,1.0,,
629,2.0,4,True
630,2.0,2,False
631,1.0,,
632,2.0,2,False
633,2.0,2,False
634,2.0,5,False
635,2.0,5,True
636,1.0,,
637,1.0,,
638,1.0,,
639,2.0,3,True
640,2.0,4,True
641,2.0,4,True
642,2.0,4,True
643,2.0,3,False
644,2.0,5,False
645,2.0,1,True
646,2.0,3,False
647,2.0,3,True
648,2.0,3,False
649,2.0,5,True
650,1.0,,
651,2.0,1,False
652,2.0,3,True
653,1.0,,
654,2.0,1,False
655,1.0,,
656,2.0,5,True
657,2.0,1,False
658,2.0,4,True
659,2.0,3,False
660,2.0,1,False
661,2.0,3,True
662,2.0,1,True
663,1.0,,
664,1.0,,
665,2.0,2,False
666,2.0,4,False
667,1.0,,
668,2.0,1,True
669,1.0,,
670,2.0,5,False
671,2.0,1,False
672,2.0,2,False
673,1.0,,
674,2.0,2,False
675,2.0,2,False
676,2.0,1,True
677,2.0,1,True
678,1.0,,
679,1.0,,
680,2.0,1,True
681,1.0,,
682,2.0,2,False
683,1.0,,
684,2.0,1,True
685,2.0,4,True
686,2.0,5,False
687,1.0,,
688,2.0,1,True
689,2.0,2,False
690,1.0,,
691,2.0,4,False
692,2.0,2,True
693,2.0,3,True
694,1.0,,
695,2.0,5,False
696,1.0,,
697,2.0,4,False
698,2.0,2,False
699,2.0,1,False
700,2.0,3,True
701,2.0,2,True
702,2.0,4,True
703,2.0,1,False
704,1.0,,
705,2.0,1,False
706,1.0,,
707,2.0,5,False
708,2.0,5,False
709,1.0,,
710,2.0,2,True
711,1.0,,
712,2.0,5,False
713,1.0,,
714,2.0,5,False
715,2.0,1,True
716,1.0,,
717,2.0,3,True
718,2.0,4,False
719,1.0,,
720,1.0,,
721,2.0,4,True
722,2.0,4,True
723,1.0,,
724,2.0,1,False
725,2.0,1,False
726,1.0,,
727,2.0,3,True
728,1.0,,
729,1.0,,
730,2.0,2,False
731,2.0,5,False
732,1.0,,
733,2.0,1,False
734,2.0,4,False
735,1.0,,
736,2.0,2,False
737,2.0,4,True
738,2.0,5,False
739,2.0,3,True
740,1.0,,
741,2.0,4,True
742,2.0,1,False
743,1.0,,
744,2.0,5,False
745,1.0,,
746,2.0,4,True
747,2.0,3,True
748,2.0,1,True
749,1.0,,
750,2.0,3,False
751,2.0,2,True
752,2.0,1,False
753,2.0,5,False
754,2.0,2,False
755,2.0,1,False
756,1.0,,
757,1.0,,
758,2.0,4,True
759,2.0,4,False
760,1.0,,
761,2.0,5,False
762,2.0,2,True
763,1.0,,
764,2.0,5,True
765,1.0,,
766,2.0,1,True
767,2.0,4,True
768,2.0,5,True
769,1.0,,
770,1.0,,
771,1.0,,
772,2.0,5,True
773,1.0,,
774,1.0,,
775,1.0,,
776,1.0,,
777,1.0,,
778,2.0,2,False
779,2.0,5,True
780,2.0,3,False
781,2.0,2,True
782,2.0,3,False
783,2.0,4,True
784,2.0,5,True
785,2.0,3,True
786,2.0,2,False
787,1.0,,
788,2.0,5,False
789,2.0,5,True
790,2.0,4,True
791,2.0,5,True
792,2.0,5,False
793,2.0,3,True
794,2.0,4,True
795,1.0,,
796,2.0,1,True
797,2.0,5,False
798,1.0,,
799,1.0,,
800,2.0,4,False
801,2.0,4,True
802,1.0,,
803,1.0,,
804,2.0,4,True
805,2.0,5,False
806,1.0,,
807,1.0,,
808,1.0,,
809,1.0,,
810,2.0,1,False
811,2.0,5,True
812,1.0,,
813,2.0,2,True
814,2.0,4,False
815,2.0,5,True
816,2.0,5,True
817,2.0,5,True
818,1.0,,
819,1.0,,
820,2.0,5,True
821,2.0,1,False
822,2.0,4,True
823,1.0,,
824,1.0,,
825,2.0,4,True
826,2.0,1,False
827,2.0,5,True
828,2.0,1,False
829,2.0,3,False
830,2.0,2,False
831,2.0,2,True
832,2.0,2,False
833,2.0,4,False
834,2.0,3,False
835,2.0,1,True
836,1.0,,
837,2.0,3,True
838,2.0,1,True
839,2.0,3,True
840,2.0,5,True
841,2.0,4,False
842,1.0,,
843,2.0,3,True
844,1.0,,
845,2.0,4,True
846,1.0,,
847,2.0,1,False
848,2.0,5,True
849,2.0,4,False
850,2.0,3,True
851,2.0,4,True
852,1.0,,
853,1.0,,
854,2.0,5,True
855,2.0,2,True
856,1.0,,
857,1.0,,
858,1.0,,
859,2.0,5,True
860,2.0,3,False
861,2.0,3,False
862,2.0,3,True
863,1.0,,
864,1.0,,
865,1.0,,
866,2.0,3,True
867,1.0,,
868,2.0,1,False
869,2.0,3,True
870,2.0,4,True
871,2.0,4,True
872,2.0,3,True
873,1.0,,
874,1.0,,
875,2.0,1,False
876,1.0,,
877,1.0,,
878,2.0,1,True
879,2.0,3,False
880,2.0,2,True
881,2.0,4,True
882,1.0,,
883,1.0,,
884,2.0,3,False
885,2.0,1,True
886,2.0,4,True
887,2.0,4,False
888,2.0,3,True
889,1.0,,
890,2.0,5,True
891,2.0,2,True
892,2.0,1,True
893,1.0,,
894,2.0,5,False
895,2.0,3,True
896,1.0,,
897,2.0,4,True
898,1.0,,
899,2.0,3,True
900,2.0,1,False
901,1.0,,
902,2.0,2,True
903,2.0,1,False
904,2.0,3,True
905,2.0,1,True
906,2.0,5,False
907,1.0,,
908,2.0,2,True
909,2.0,2,True
910,2.0,4,True
911,2.0,1,False
912,2.0,2,False
913,2.0,1,False
914,2.0,2,False
915,2.0,2,True
916,2.0,5,True
917,1.0,,
918,2.0,5,True
919,2.0,2,False
920,2.0,4,True
921,1.0,,
922,1.0,,
923,2.0,1,False
924,1.0,,
925,1.0,,
926,2.0,3,True
927,1.0,,
928,2.0,5,False
929,2.0,5,False
930,2.0,4,False
931,2.0,5,True
932,1.0,,
933,1.0,,
934,2.0,1,True
935,1.0,,
936,2.0,1,False
937,1.0,,
938,1.0,,
939,1.0,,
940,2.0,3,False
941,2.0,4,False
942,2.0,3,False
943,2.0,1,True
944,2.0,2,False
945,2.0,4,True
946,2.0,2,False
947,2.0,5,True
948,1.0,,
949,1.0,,
950,1.0,,
951,2.0,4,False
952,2.0,5,True
953,1.0,,
954,1.0,,
955,2.0,1,False
956,2.0,1,False
957,2.0,3,True
958,1.0,,
959,1.0,,
960,2.0,2,False
961,2.0,5,True
962,2.0,2,False
963,2.0,5,True
964,2.0,3,False
965,2.0,5,False
966,2.0,3,False
967,2.0,3,True
968,2.0,2,False
969,1.0,,
970,2.0,1,False
971,2.0,4,False
972,2.0,4,False
973,1.0,,
974,2.0,1,False
975,2.0,5,True
976,2.0,5,True
977,2.0,2,True
978,1.0,,
979,2.0,5,False
980,1.0,,
981,2.0,3,True
982,2.0,3,False
983,1.0,,
984,1.0,,
985,2.0,5,True
986,2.0,3,True
987,1.0,,
988,1.0,,
989,2.0,1,False
990,2.0,2,False
991,1.0,,
992,2.0,5,False
993,2.0,3,True
994,2.0,3,False
995,2.0,5,True
996,1.0,,
997,1.0,,
998,2.0,5,False
999,1.0,,
1000,1.0,,
1001,2.0,4,True
1002,2.0,1,True
1003,2.0,4,False
1004,2.0,1,False
1005,1.0,,
1006,1.0,,
1007,2.0,5,False
1008,2.0,5,False
1009,1.0,,
1010,2.0,5,False
1011,1.0,,
1012,1.0,,
1013,1.0,,
1014,2.0,3,False
1015,2.0,2,False
1016,1.0,,
1017,1.0,,
1018,1.0,,
1019,2.0,4,False
1020,2.0,1,True
1021,1.0,,
1022,1.0,,
1023,2.0,4,False
1024,1.0,,
1025,2.0,5,True
1026,1.0,,
1027,1.0,,
1028,1.0,,
1029,2.0,1,False
1030,2.0,3,False
1031,1.0,,
1032,1.0,,
1033,1.0,,
1034,2.0,3,True
1035,2.0,2,False
1036,2.0,3,False
1037,2.0,2,True
1038,2.0,1,True
1039,2.0,3,True
1040,1.0,,
1041,1.0,,
1042,2.0,1,False
1043,1.0,,
1044,1.0,,
1045,2.0,2,True
1046,2.0,5,True
1047,2.0,1,False
1048,1.0,,
1049,2.0,1,False
1050,1.0,,
1051,2.0,1,True
1052,2.0,2,False
1053,1.0,,
1054,2.0,1,True
1055,2.0,1,False
1056,1.0,,
1057,2.0,4,False
1058,2.0,1,True
1059,1.0,,
1060,2.0,5,True
1061,2.0,5,True
1062,2.0,3,False
1063,2.0,1,True
1064,1.0,,
1065,2.0,1,True
1066,2.0,4,False
1067,2.0,3,True
1068,1.0,,
1069,1.0,,
1070,2.0,3,False
1071,2.0,5,False
1072,1.0,,
1073,1.0,,
1074,2.0,1,False
1075,1.0,,
1076,2.0,2,True
1077,1.0,,
1078,1.0,,
1079,2.0,4,True
1080,2.0,5,False
1081,2.0,1,True
1082,2.0,5,False
1083,2.0,4,False
1084,2.0,3,False
1085,1.0,,
1086,1.0,,
1087,1.0,,
1088,2.0,3,True
1089,2.0,4,False
1090,1.0,,
1091,2.0,3,False
1092,1.0,,
1093,2.0,1,True
1094,1.0,,
1095,2.0,4,False
1096,1.0,,
1097,2.0,5,True
1098,2.0,2,False
1099,2.0,5,False
1100,1.0,,
1101,2.0,2,True
1102,2.0,3,False
1103,2.0,2,True
1104,1.0,,
1105,1.0,,
1106,2.0,2,True
1107,1.0,,
1108,2.0,3,False
1109,2.0,2,True
1110,1.0,,
1111,2.0,4,False
1112,2.0,3,True
1113,2.0,5,True
1114,1.0,,
1115,2.0,4,True
1116,2.0,3,True
1117,2.0,1,True
1118,2.0,5,False
1119,2.0,3,False
1120,2.0,3,True
1121,1.0,,
1122,2.0,1,True
1123,1.0,,
1124,2.0,2,True
1125,1.0,,
1126,1.0,,
1127,1.0,,
1128,2.0,2,False
1129,2.0,4,True
1130,2.0,1,False
1131,2.0,3,False
1132,2.0,5,False
1133,2.0,2,True
1134,1.0,,
1135,2.0,3,True
1136,2.0,3,False
1137,2.0,2,False
1138,1.0,,
1139,2.0,3,False
1140,2.0,1,True
1141,2.0,2,False
1142,1.0,,
1143,2.0,2,False
1144,2.0,2,True
1145,1.0,,
1146,2.0,3,False
1147,2.0,3,False
1148,1.0,,
1149,1.0,,
1150,2.0,5,False
1151,2.0,2,False
1152,1.0,,
1153,1.0,,
1154,2.0,1,True
1155,1.0,,
1156,2.0,2,True
1157,1.0,,
1158,2.0,3,False
1159,2.0,2,True
1160,2.0,3,False
1161,1.0,,
1162,1.0,,
1163,1.0,,
1164,2.0,5,True
1165,2.0,1,True
1166,1.0,,
1167,2.0,2,True
1168,2.0,1,False
1169,1.0,,
1170,2.0,4,True
1171,2.0,3,True
1172,2.0,1,True
1173,1.0,,
1174,1.0,,
1175,2.0,1,False
1176,2.0,2,True
1177,1.0,,
1178,2.0,2,True
1179,1.0,,
1180,1.0,,
1181,2.0,5,True
1182,1.0,,
1183,2.0,2,True
1184,1.0,,
1185,2.0,4,True
1186,1.0,,
1187,1.0,,
1188,2.0,5,True
1189,1.0,,
1190,2.0,3,True
1191,2.0,1,False
1192,1.0,,
1193,1.0,,
1194,2.0,4,True
1195,1.0,,
1196,2.0,1,False
1197,2.0,5,False
1198,1.0,,
1199,2.0,4,True
1200,1.0,,
1201,2.0,3,True
1202,1.0,,
1203,2.0,4,True
1204,2.0,2,False
1205,2.0,3,True
1206,1.0,,
1207,2.0,5,True
1208,2.0,5,True
1209,1.0,,
1210,2.0,3,True
1211,2.0,1,False
1212,2.0,1,True
1213,1.0,,
1214,1.0,,
1215,2.0,2,False
1216,2.0,1,False
1217,2.0,4,True
1218,2.0,3,False
1219,1.0,,
1220,2.0,4,True
1221,2.0,1,False
1222,2.0,4,True
1223,2.0,1,True
1224,2.0,5,False
1225,2.0,1,True
1226,2.0,5,False
1227,2.0,5,True
1228,2.0,3,False
1229,2.0,4,True
1230,2.0,2,False
1231,2.0,2,False
1232,1.0,,
1233,1.0,,
1234,2.0,4,True
1235,2.0,3,False
1236,2.0,5,False
1237,2.0,2,True
1238,2.0,1,False
1239,2.0,4,False
1240,2.0,2,False
1241,2.0,1,True
1242,2.0,3,True
1243,2.0,1,True
1244,1.0,,
1245,1.0,,
1246,2.0,4,False
1247,2.0,5,True
1248,2.0,1,True
1249,2.0,5,True
1250,2.0,4,False
1251,2.0,4,False
1252,2.0,5,True
1253,1.0,,
1254,2.0,3,False
1255,2.0,5,False
1256,1.0,,
1257,2.0,1,True
1258,2.0,2,False
1259,1.0,,
1260,1.0,,
1261,1.0,,
1262,2.0,3,True
1263,1.0,,
1264,2.0,1,False
1265,1.0,,
1266,2.0,1,True
1267,2.0,2,False
1268,1.0,,
1269,2.0,3,False
1270,2.0,1,False
1271,2.0,5,False
1272,2.0,3,True
1273,1.0,,
1274,2.0,1,True
1275,2.0,2,False
1276,2.0,4,False
1277,2.0,2,False
1278,1.0,,
1279,2.0,5,False
1280,2.0,2,False
1281,2.0,2,True
1282,2.0,3,True
1283,1.0,,
1284,1.0,,
1285,1.0,,
1286,1.0,,
1287,1.0,,
1288,2.0,2,False
1289,2.0,4,False
1290,1.0,,
1291,2.0,5,False
1292,1.0,,
1293,1.0,,
1294,2.0,2,False
1295,2.0,2,True
1296,1.0,,
1297,2.0,5,False
1298,1.0,,
1299,2.0,1,False
1300,2.0,2,False
1301,2.0,5,True
1302,1.0,,
1303,2.0,5,False
1304,2.0,2,True
1305,2.0,3,False
1306,2.0,1,False
1307,1.0,,
1308,2.0,4,False
1309,2.0,4,True
1310,2.0,3,False
1311,2.0,2,True
1312,1.0,,
1313,1.0,,
1314,2.0,3,True
1315,2.0,2,True
1316,1.0,,
1317,2.0,4,True
1318,2.0,3,True
1319,2.0,5,False
1320,2.0,1,True
1321,2.0,3,True
1322,2.0,1,False
1323,2.0,1,True
1324,2.0,5,False
1325,2.0,3,True
1326,2.0,1,True
1327,2.0,4,False
1328,2.0,3,True
1329,2.0,1,True
1330,2.0,3,True
1331,1.0,,
1332,2.0,1,False
1333,2.0,4,True
1334,2.0,4,False
1335,2.0,2,True
1336,2.0,4,True
1337,2.0,1,False
1338,2.0,4,False
1339,1.0,,
1340,1.0,,
1341,2.0,2,False
1342,1.0,,
1343,2.0,2,False
1344,1.0,,
1345,2.0,3,True
1346,2.0,3,True
1347,1.0,,
1348,2.0,1,True
1349,2.0,1,True
1350,2.0,4,True
1351,2.0,3,True
1352,1.0,,
1353,2.0,1,True
1354,2.0,4,False
1355,2.0,4,False
1356,1.0,,
1357,2.0,2,True
1358,2.0,2,False
1359,2.0,3,False
1360,1.0,,
1361,2.0,5,True
1362,1.0,,
1363,2.0,2,True
1364,2.0,1,True
1365,1.0,,
1366,1.0,,
1367,1.0,,
1368,2.0,2,False
1369,2.0,4,False
1370,2.0,5,True
1371,1.0,,
1372,1.0,,
1373,2.0,2,True
1374,2.0,1,False
1375,2.0,3,False
1376,2.0,4,True
1377,2.0,4,False
1378,2.0,2,False
1379,2.0,4,False
1380,2.0,3,True
1381,2.0,1,False
1382,1.0,,
1383,1.0,,
1384,2.0,1,True
1385,1.0,,
1386,2.0,2,False
1387,2.0,2,True
1388,2.0,1,True
1389,1.0,,
1390,2.0,1,True
1391,2.0,4,True
1392,1.0,,
1393,1.0,,
1394,2.0,2,False
1395,2.0,5,True
1396,1.0,,
1397,2.0,5,True
1398,2.0,5,True
1399,2.0,2,False
1400,2.0,2,True
1401,2.0,2,True
1402,1.0,,
1403,2.0,2,True
1404,1.0,,
1405,1.0,,
1406,1.0,,
1407,1.0,,
1408,1.0,,
1409,2.0,2,False
1410,2.0,5,False
1411,2.0,3,False
1412,1.0,,
1413,2.0,3,True
1414,1.0,,
1415,2.0,2,True
1416,2.0,3,False
1417,1.0,,
1418,1.0,,
1419,1.0,,
1420,1.0,,
1421,2.0,2,True
1422,2.0,5,False
1423,2.0,1,False
1424,2.0,2,True
1425,2.0,3,False
1426,2.0,2,True
1427,1.0,,
1428,1.0,,
1429,2.0,3,False
1430,2.0,3,True
1431,2.0,4,True
1432,2.0,4,True
1433,1.0,,
1434,2.0,2,False
1435,2.0,3,True
1436,2.0,4,True
1437,1.0,,
1438,2.0,1,False
1439,1.0,,
1440,2.0,4,False
1441,1.0,,
1442,2.0,2,False
1443,2.0,3,False
1444,1.0,,
1445,1.0,,
1446,2.0,1,True
1447,1.0,,
1448,1.0,,
1449,1.0,,
1450,1.0,,
1451,2.0,2,True
1452,2.0,5,True
1453,2.0,4,True
1454,2.0,5,True
1455,1.0,,
1456,1.0,,
1457,2.0,1,False
1458,1.0,,
1459,2.0,1,True
1460,2.0,1,True
1461,2.0,4,True
1462,2.0,5,True
1463,2.0,1,True
1464,1.0,,
1465,2.0,4,False
1466,1.0,,
1467,2.0,1,False
1468,1.0,,
1469,2.0,4,True
1470,2.0,4,True
1471,1.0,,
1472,2.0,5,False
1473,1.0,,
1474,2.0,3,False
1475,2.0,2,True
1476,2.0,5,False
1477,2.0,3,True
1478,2.0,3,True
1479,2.0,1,False
1480,2.0,5,True
1481,1.0,,
1482,1.0,,
1483,1.0,,
1484,2.0,2,False
1485,2.0,1,False
1486,2.0,5,False
1487,2.0,5,True
1488,1.0,,
1489,2.0,1,True
1490,2.0,5,True
1491,2.0,5,True
1492,2.0,2,True
1493,2.0,1,False
1494,2.0,4,True
1495,2.0,4,True
1496,2.0,4,False
1497,2.0,3,True
1498,2.0,2,False
1499,2.0,5,False
1500,2.0,4,False
1501,1.0,,
1502,2.0,1,True
1503,2.0,3,False
1504,2.0,3,False
1505,2.0,1,True
1506,2.0,3,False
1507,2.0,3,True
1508,2.0,1,False
1509,1.0,,
1510,2.0,1,True
1511,1.0,,
1512,1.0,,
1513,2.0,3,False
1514,2.0,3,True
1515,1.0,,
1516,2.0,5,False
1517,2.0,4,False
1518,1.0,,
1519,2.0,2,True
1520,2.0,2,False
1521,2.0,4,True
1522,2.0,3,False
1523,1.0,,
1524,2.0,3,True
1525,2.0,5,True
1526,1.0,,
1527,2.0,1,True
1528,2.0,3,False
1529,2.0,4,True
1530,2.0,3,True
1531,2.0,1,False
1532,1.0,,
1533,2.0,1,True
1534,2.0,3,False
1535,1.0,,
1536,2.0,5,True
1537,2.0,2,True
1538,2.0,1,False
1539,1.0,,
1540,1.0,,
1541,1.0,,
1542,1.0,,
1543,2.0,1,False
1544,1.0,,
1545,2.0,4,False
1546,2.0,1,False
1547,2.0,4,True
1548,2.0,4,True
1549,1.0,,
1550,1.0,,
1551,2.0,4,True
1552,1.0,,
1553,1.0,,
1554,1.0,,
1555,1.0,,
1556,2.0,5,True
1557,2.0,3,True
1558,2.0,5,False
1559,2.0,5,False
1560,2.0,5,False
1561,1.0,,
1562,1.0,,
1563,1.0,,
1564,2.0,4,True
1565,1.0,,
1566,1.0,,
1567,1.0,,
1568,1.0,,
1569,2.0,4,True
1570,2.0,4,True
1571,1.0,,
1572,2.0,5,True
1573,2.0,3,False
1574,1.0,,
1575,1.0,,
1576,2.0,5,False
1577,2.0,4,False
1578,2.0,5,False
1579,2.0,2,False
1580,1.0,,
1581,2.0,4,True
1582,2.0,4,True
1583,1.0,,
1584,1.0,,
1585,2.0,1,False
1586,2.0,2,True
1587,2.0,2,True
1588,2.0,1,False
1589,2.0,5,False
1590,1.0,,
1591,2.0,5,False
1592,2.0,2,False
1593,1.0,,
1594,1.0,,
1595,2.0,2,False
1596,1.0,,
1597,1.0,,
1598,2.0,2,False
1599,2.0,3,True
1600,2.0,3,False
1601,2.0,3,True
1602,1.0,,
1603,1.0,,
1604,2.0,3,True
1605,2.0,1,False
1606,2.0,1,False
1607,2.0,2,False
1608,2.0,3,True
1609,2.0,2,True
1610,1.0,,
1611,2.0,1,False
1612,1.0,,
1613,2.0,1,True
1614,2.0,3,True
1615,2.0,1,False
1616,1.0,,
1617,2.0,2,True
1618,1.0,,
1619,2.0,4,False
1620,1.0,,
1621,2.0,3,False
1622,1.0,,
1623,2.0,4,True
1624,2.0,1,True
1625,1.0,,
1626,1.0,,
1627,2.0,1,True
1628,1.0,,
1629,2.0,2,True
1630,2.0,5,False
1631,2.0,2,True
1632,1.0,,
1633,2.0,2,False
1634,2.0,4,True
1635,2.0,4,False
1636,2.0,3,True
1637,2.0,1,True
1638,1.0,,
1639,2.0,5,True
1640,2.0,2,True
1641,1.0,,
1642,1.0,,
1643,2.0,4,False
1644,1.0,,
1645,1.0,,
1646,2.0,5,False
1647,1.0,,
1648,2.0,4,True
1649,2.0,4,True
1650,2.0,1,False
1651,2.0,4,True
1652,2.0,4,True
1653,2.0,4,True
1654,2.0,2,False
1655,1.0,,
1656,2.0,4,True
1657,1.0,,
1658,2.0,3,True
1659,2.0,3,False
1660,2.0,4,False
1661,2.0,5,False
1662,2.0,2,False
1663,1.0,,
1664,2.0,5,False
1665,1.0,,
1666,2.0,5,True
1667,2.0,2,False
1668,2.0,4,True
1669,1.0,,
1670,2.0,3,True
1671,2.0,1,True
1672,1.0,,
1673,1.0,,
1674,1.0,,
1675,2.0,1,False
1676,2.0,3,False
1677,1.0,,
1678,1.0,,
1679,2.0,3,True
1680,1.0,,
1681,2.0,4,True
1682,2.0,4,False
1683,1.0,,
1684,1.0,,
1685,2.0,3,True
1686,2.0,4,False
1687,2.0,5,True
1688,2.0,1,True
1689,1.0,,
1690,2.0,4,True
1691,1.0,,
1692,1.0,,
1693,1.0,,
1694,2.0,3,False
1695,1.0,,
1696,2.0,3,False
1697,2.0,2,True
1698,2.0,2,True
1699,2.0,3,True
1700,2.0,3,True
1701,2.0,5,True
1702,2.0,3,False
1703,2.0,3,False
1704,1.0,,
1705,1.0,,
1706,2.0,2,True
1707,2.0,2,True
1708,2.0,3,False
1709,2.0,2,True
1710,2.0,3,False
1711,1.0,,
1712,2.0,1,True
1713,2.0,5,True
1714,1.0,,
1715,2.0,3,False
1716,1.0,,
1717,1.0,,
1718,2.0,4,False
1719,2.0,5,True
1720,2.0,3,False
1721,1.0,,
1722,2.0,3,False
1723,1.0,,
1724,2.0,3,False
1725,2.0,3,True
1726,2.0,3,True
1727,2.0,2,False
1728,2.0,1,False
1729,2.0,1,True
1730,2.0,2,True
1731,2.0,3,True
1732,2.0,4,False
1733,2.0,3,False
1734,2.0,5,True
1735,2.0,3,False
1736,2.0,5,True
1737,1.0,,
1738,2.0,4,False
1739,2.0,5,True
1740,2.0,4,True
1741,2.0,2,True
1742,1.0,,
1743,1.0,,
1744,1.0,,
1745,2.0,5,False
1746,2.0,1,False
1747,2.0,3,False
1748,2.0,2,True
1749,2.0,3,False
1750,2.0,4,False
1751,2.0,3,False
1752,2.0,2,False
1753,2.0,2,True
1754,2.0,4,False
1755,2.0,3,True
1756,1.0,,
1757,2.0,5,False
1758,2.0,2,True
1759,2.0,3,True
1760,2.0,2,True
1761,2.0,2,False
1762,2.0,5,True
1763,1.0,,
1764,2.0,5,True
1765,2.0,2,False
1766,2.0,1,True
1767,1.0,,
1768,2.0,5,False
1769,2.0,3,True
1770,2.0,5,False
1771,1.0,,
1772,2.0,2,True
1773,2.0,2,True
1774,1.0,,
1775,1.0,,
1776,2.0,3,False
1777,1.0,,
1778,2.0,1,True
1779,1.0,,
1780,2.0,1,True
1781,2.0,1,True
1782,2.0,5,True
1783,1.0,,
1784,2.0,3,True
1785,2.0,3,True
1786,2.0,4,False
1787,1.0,,
1788,2.0,5,True
1789,2.0,4,False
1790,2.0,1,False
1791,1.0,,
1792,2.0,2,False
1793,2.0,1,False
1794,2.0,3,True
1795,2.0,4,True
1796,2.0,1,True
1797,2.0,4,False
1798,2.0,2,True
1799,2.0,2,False
1800,2.0,1,True
1801,2.0,5,True
1802,2.0,4,False
1803,2.0,4,True
1804,2.0,1,False
1805,1.0,,
1806,2.0,5,True
1807,2.0,2,True
1808,2.0,4,False
1809,2.0,4,False
1810,1.0,,
1811,1.0,,
1812,1.0,,
1813,2.0,3,True
1814,1.0,,
1815,2.0,5,False
1816,2.0,5,False
1817,1.0,,
1818,2.0,5,True
1819,2.0,2,True
1820,2.0,5,False
1821,2.0,1,False
1822,1.0,,
1823,2.0,3,True
1824,1.0,,
1825,2.0,4,False
1826,1.0,,
1827,1.0,,
1828,2.0,3,False
1829,2.0,4,True
1830,2.0,1,True
1831,2.0,3,True
1832,1.0,,
1833,2.0,4,False
1834,2.0,2,True
1835,2.0,2,True
1836,2.0,4,False
1837,2.0,3,True
1838,1.0,,
1839,1.0,,
1840,1.0,,
1841,2.0,5,True
1842,2.0,3,True
1843,2.0,4,True
1844,2.0,5,True
1845,1.0,,
1846,2.0,4,False
1847,2.0,3,False
1848,2.0,2,False
1849,1.0,,
1850,2.0,1,False
1851,2.0,1,False
1852,2.0,5,False
1853,2.0,3,False
1854,1.0,,
1855,1.0,,
1856,1.0,,
1857,2.0,5,False
1858,2.0,5,True
1859,2.0,1,True
1860,2.0,1,False
1861,2.0,3,True
1862,2.0,3,True
1863,1.0,,
1864,1.0,,
1865,1.0,,
1866,2.0,5,True
1867,2.0,2,True
1868,2.0,3,False
1869,1.0,,
1870,2.0,4,False
1871,2.0,5,True
1872,1.0,,
1873,2.0,2,True
1874,2.0,1,True
1875,2.0,2,False
1876,2.0,1,False
1877,2.0,2,True
1878,2.0,4,False
1879,2.0,5,False
1880,2.0,1,False
1881,2.0,1,False
1882,2.0,4,True
1883,2.0,3,False
1884,1.0,,
1885,1.0,,
1886,2.0,2,True
1887,2.0,5,False
1888,2.0,5,False
1889,1.0,,
1890,2.0,3,True
1891,2.0,3,False
1892,2.0,1,False
1893,2.0,4,False
1894,1.0,,
1895,2.0,5,True
1896,2.0,5,False
1897,2.0,4,False
1898,1.0,,
1899,2.0,3,False
1900,1.0,,
1901,2.0,1,True
1902,2.0,2,True
1903,2.0,1,True
1904,2.0,4,True
1905,2.0,1,False
1906,2.0,2,True
1907,2.0,3,True
1908,1.0,,
1909,2.0,2,True
1910,1.0,,
1911,2.0,1,True
1912,2.0,1,True
1913,2.0,1,True
1914,2.0,4,False
1915,2.0,1,False
1916,1.0,,
1917,1.0,,
1918,2.0,2,True
1919,2.0,3,False
1920,1.0,,
1921,2.0,3,True
1922,1.0,,
1923,2.0,2,True
1924,2.0,1,True
1925,1.0,,
1926,2.0,3,False
1927,2.0,4,True
1928,1.0,,
1929,2.0,5,False
1930,2.0,2,False
1931,2.0,4,True
1932,2.0,2,True
1933,1.0,,
1934,2.0,4,False
1935,2.0,3,False
1936,2.0,2,True
1937,1.0,,
1938,1.0,,
1939,1.0,,
1940,2.0,5,False
1941,1.0,,
1942,2.0,2,False
1943,2.0,4,False
1944,1.0,,
1945,1.0,,
1946,1.0,,
1947,2.0,2,False
1948,1.0,,
1949,1.0,,
1950,2.0,2,False
1951,2.0,5,True
1952,2.0,3,True
1953,2.0,2,False
1954,2.0,5,False
1955,2.0,5,False
1956,2.0,1,False
1957,1.0,,
1958,2.0,5,False
1959,1.0,,
1960,2.0,1,False
1961,1.0,,
1962,2.0,4,True
1963,1.0,,
1964,2.0,1,False
1965,2.0,4,False
1966,2.0,1,True
1967,2.0,5,False
1968,1.0,,
1969,1.0,,
1970,1.0,,
1971,2.0,4,True
1972,2.0,2,True
1973,2.0,5,True
1974,2.0,2,False
1975,2.0,2,False
1976,1.0,,
1977,1.0,,
1978,2.0,2,True
1979,2.0,1,True
1980,2.0,1,True
1981,2.0,5,True
1982,2.0,5,True
1983,2.0,2,True
1984,1.0,,
1985,2.0,2,False
1986,2.0,4,True
1987,1.0,,
1988,2.0,4,False
1989,2.0,1,True
1990,2.0,3,True
1991,2.0,3,False
1992,2.0,3,False
1993,2.0,4,False
1994,2.0,4,False
1995,2.0,4,True
1996,2.0,5,True
1997,2.0,3,False
1998,2.0,2,False
1999,2.0,5,False
2000,1.0,,
2001,2.0,1,False
2002,2.0,1,False
2003,1.0,,
2004,1.0,,
2005,2.0,2,False
2006,2.0,5,False
2007,2.0,3,True
2008,1.0,,
2009,2.0,2,False
2010,2.0,5,False
2011,2.0,2,True
2012,2.0,4,False
2013,1.0,,
2014,2.0,2,True
2015,2.0,1,False
2016,2.0,3,False
2017,1.0,,
2018,2.0,5,True
2019,1.0,,
2020,2.0,2,True
2021,2.0,4,False
2022,2.0,3,False
2023,2.0,5,False
2024,2.0,5,True
2025,2.0,3,False
2026,1.0,,
2027,2.0,3,False
2028,2.0,1,True
2029,1.0,,
2030,2.0,5,True
2031,1.0,,
2032,2.0,2,False
2033,1.0,,
2034,1.0,,
2035,2.0,4,False
2036,1.0,,
2037,2.0,2,False
2038,2.0,1,False
2039,2.0,2,True
2040,2.0,3,True
2041,1.0,,
2042,2.0,3,False
2043,2.0,2,False
2044,1.0,,
2045,2.0,3,False
2046,2.0,2,False
2047,2.0,1,False
2048,1.0,,
2049,2.0,2,False
2050,2.0,5,True
2051,1.0,,
2052,2.0,4,False
2053,2.0,1,False
2054,2.0,1,True
2055,2.0,2,True
2056,2.0,3,True
2057,2.0,4,False
2058,2.0,5,True
2059,1.0,,
2060,2.0,3,True
2061,2.0,1,False
2062,1.0,,
2063,1.0,,
2064,2.0,5,True
2065,2.0,2,True
2066,2.0,1,False
2067,1.0,,
2068,1.0,,
2069,1.0,,
2070,1.0,,
2071,2.0,4,True
2072,2.0,1,True
2073,1.0,,
2074,2.0,5,True
2075,2.0,5,False
2076,1.0,,
2077,2.0,1,True
2078,1.0,,
2079,2.0,4,False
2080,2.0,3,False
2081,1.0,,
2082,1.0,,
2083,2.0,5,True
2084,2.0,1,True
2085,1.0,,
2086,1.0,,
2087,2.0,5,False
2088,2.0,2,True
2089,2.0,2,True
2090,1.0,,
2091,2.0,3,True
2092,2.0,5,False
2093,2.0,5,True
2094,2.0,2,False
2095,2.0,5,False
2096,1.0,,
2097,2.0,5,True
2098,1.0,,
2099,2.0,2,False
2100,2.0,5,False
2101,2.0,3,True
2102,2.0,3,False
2103,1.0,,
2104,2.0,2,True
2105,1.0,,
2106,2.0,4,False
2107,2.0,4,True
2108,2.0,4,False
2109,2.0,5,True
2110,2.0,4,False
2111,2.0,3,False
2112,1.0,,
2113,2.0,4,False
2114,1.0,,
2115,2.0,1,False
2116,1.0,,
2117,2.0,4,False
2118,2.0,4,False
2119,2.0,2,False
2120,2.0,1,True
2121,2.0,2,False
2122,2.0,1,False
2123,2.0,2,True
2124,2.0,4,True
2125,2.0,4,True
2126,2.0,1,False
2127,2.0,1,True
2128,2.0,3,True
2129,2.0,3,True
2130,2.0,1,True
2131,2.0,3,True
2132,1.0,,
2133,2.0,2,False
2134,2.0,4,True
2135,1.0,,
2136,2.0,1,True
2137,2.0,4,False
2138,2.0,2,True
2139,2.0,4,True
2140,2.0,4,False
2141,1.0,,
2142,2.0,5,True
2143,2.0,5,False
2144,1.0,,
2145,2.0,4,False
2146,1.0,,
2147,1.0,,
2148,1.0,,
2149,2.0,4,False
2150,2.0,5,False
2151,2.0,5,True
2152,1.0,,
2153,2.0,3,False
2154,1.0,,
2155,2.0,5,False
2156,1.0,,
2157,2.0,3,False
2158,2.0,3,False
2159,2.0,3,False
2160,1.0,,
2161,2.0,2,True
2162,1.0,,
2163,1.0,,
2164,2.0,5,True
2165,1.0,,
2166,2.0,5,True
2167,2.0,5,False
2168,2.0,2,False
2169,2.0,3,True
2170,2.0,5,False
2171,2.0,2,True
2172,2.0,2,True
2173,2.0,3,True
2174,2.0,5,False
2175,1.0,,
2176,2.0,1,True
2177,2.0,4,False
2178,2.0,3,True
2179,2.0,5,False
2180,2.0,1,True
2181,1.0,,
2182,2.0,5,True
2183,2.0,2,False
2184,2.0,5,False
2185,1.0,,
2186,2.0,1,False
2187,2.0,3,False
2188,2.0,1,False
2189,1.0,,
2190,2.0,1,True
2191,2.0,5,False
2192,2.0,3,True
2193,2.0,4,True
2194,2.0,3,False
2195,2.0,3,True
2196,2.0,4,True
2197,2.0,2,True
2198,1.0,,
2199,2.0,4,True
2200,1.0,,
2201,2.0,4,True
2202,2.0,3,False
2203,1.0,,
2204,2.0,5,True
2205,1.0,,
2206,2.0,1,False
2207,2.0,1,True
2208,2.0,2,True
2209,1.0,,
2210,2.0,3,False
2211,1.0,,
2212,2.0,5,False
2213,1.0,,
2214,2.0,5,False
2215,2.0,3,False
2216,1.0,,
2217,2.0,2,True
2218,1.0,,
2219,2.0,5,False
2220,2.0,4,True
2221,2.0,5,False
2222,2.0,2,True
2223,2.0,2,False
2224,2.0,5,True
2225,2.0,4,False
2226,2.0,1,False
2227,2.0,1,True
2228,2.0,1,False
2229,2.0,2,True
2230,2.0,1,False
2231,1.0,,
2232,2.0,5,True
2233,2.0,2,True
2234,2.0,2,False
2235,2.0,2,False
2236,2.0,1,True
2237,2.0,5,False
2238,1.0,,
2239,2.0,2,False
2240,1.0,,
2241,2.0,5,False
2242,2.0,1,True
2243,2.0,4,True
2244,2.0,2,False
2245,2.0,3,False
2246,1.0,,
2247,2.0,3,True
2248,2.0,5,True
2249,2.0,5,True
2250,1.0,,
2251,1.0,,
2252,2.0,5,False
2253,1.0,,
2254,1.0,,
2255,1.0,,
2256,1.0,,
2257,1.0,,
2258,1.0,,
2259,1.0,,
2260,2.0,5,True
2261,2.0,3,True
2262,1.0,,
2263,2.0,2,True
2264,1.0,,
2265,1.0,,
2266,2.0,5,False
2267,1.0,,
2268,2.0,3,True
2269,2.0,4,True
2270,2.0,4,False
2271,1.0,,
2272,2.0,1,False
2273,2.0,4,False
2274,2.0,5,True
2275,2.0,4,True
2276,2.0,2,True
2277,2.0,5,False
2278,1.0,,
2279,2.0,3,False
2280,1.0,,
2281,2.0,5,False
2282,2.0,5,False
2283,1.0,,
2284,1.0,,
2285,1.0,,
2286,1.0,,
2287,2.0,1,True
2288,2.0,4,True
2289,2.0,3,True
2290,2.0,2,False
2291,2.0,4,False
2292,2.0,2,True
2293,2.0,4,False
2294,2.0,4,True
2295,2.0,3,False
2296,1.0,,
2297,1.0,,
2298,2.0,2,False
2299,1.0,,
2300,2.0,5,True
2301,1.0,,
2302,2.0,5,True
2303,1.0,,
2304,2.0,3,False
2305,2.0,5,True
2306,2.0,4,False
2307,2.0,3,True
2308,2.0,1,True
2309,2.0,5,False
2310,2.0,5,False
2311,1.0,,
2312,2.0,1,False
2313,2.0,5,False
2314,2.0,2,True
2315,2.0,4,True
2316,1.0,,
2317,1.0,,
2318,2.0,5,True
2319,2.0,5,False
2320,2.0,5,True
2321,2.0,5,True
2322,2.0,3,False
2323,1.0,,
2324,2.0,1,True
2325,1.0,,
2326,2.0,2,False
2327,2.0,1,False
2328,1.0,,
2329,1.0,,
2330,2.0,5,True
2331,2.0,2,True
2332,1.0,,
2333,2.0,1,False
2334,2.0,3,True
2335,2.0,5,False
2336,1.0,,
2337,2.0,4,False
2338,1.0,,
2339,1.0,,
2340,2.0,4,True
2341,2.0,1,False
2342,1.0,,
2343,1.0,,
2344,2.0,1,True
2345,1.0,,
2346,1.0,,
2347,2.0,3,False
2348,2.0,1,True
2349,2.0,1,True
2350,1.0,,
2351,1.0,,
2352,2.0,1,False
2353,1.0,,
2354,2.0,2,True
2355,1.0,,
2356,2.0,3,True
2357,2.0,5,False
2358,1.0,,
2359,2.0,4,False
2360,2.0,1,False
2361,2.0,4,True
2362,2.0,5,False
2363,2.0,1,True
2364,2.0,3,True
2365,1.0,,
2366,1.0,,
2367,2.0,2,False
2368,2.0,3,True
2369,1.0,,
2370,2.0,3,False
2371,2.0,4,True
2372,1.0,,
2373,2.0,2,True
2374,2.0,4,False
2375,2.0,2,True
2376,2.0,3,False
2377,2.0,5,False
2378,1.0,,
2379,2.0,1,False
2380,2.0,3,False
2381,2.0,4,False
2382,1.0,,
2383,2.0,1,False
2384,1.0,,
2385,2.0,3,True
2386,2.0,1,True
2387,1.0,,
2388,2.0,2,False
2389,1.0,,
2390,1.0,,
2391,2.0,2,True
2392,2.0,5,True
2393,2.0,1,True
2394,1.0,,
2395,2.0,4,False
2396,2.0,4,True
2397,2.0,4,True
2398,2.0,5,False
2399,1.0,,
2400,2.0,3,False
2401,2.0,4,False
2402,2.0,2,False
2403,2.0,5,False
2404,2.0,4,True
2405,1.0,,
2406,2.0,1,True
2407,1.0,,
2408,1.0,,
2409,2.0,3,False
2410,1.0,,
2411,2.0,2,False
2412,1.0,,
2413,2.0,4,False
2414,2.0,1,True
2415,1.0,,
2416,2.0,3,True
2417,1.0,,
2418,2.0,1,True
2419,2.0,4,False
2420,1.0,,
2421,2.0,5,False
2422,2.0,5,False
2423,1.0,,
2424,2.0,1,False
2425,2.0,5,True
2426,2.0,4,False
2427,1.0,,
2428,2.0,4,False
2429,1.0,,
2430,1.0,,
2431,2.0,5,True
2432,2.0,4,False
2433,1.0,,
2434,2.0,1,False
2435,2.0,1,False
2436,1.0,,
2437,2.0,4,True
2438,2.0,3,False
2439,1.0,,
2440,2.0,3,False
2441,2.0,1,True
2442,2.0,1,False
2443,2.0,5,False
2444,1.0,,
2445,2.0,4,True
2446,2.0,1,True
2447,2.0,4,True
2448,2.0,3,True
2449,1.0,,
2450,2.0,1,False
2451,2.0,5,False
2452,1.0,,
2453,1.0,,
2454,1.0,,
2455,2.0,3,False
2456,2.0,4,False
2457,2.0,3,True
2458,2.0,4,False
2459,2.0,1,False
2460,1.0,,
2461,2.0,2,False
2462,2.0,3,True
2463,1.0,,
2464,2.0,3,False
2465,2.0,2,False
2466,1.0,,
2467,2.0,1,True
2468,2.0,4,False
2469,1.0,,
2470,2.0,5,True
2471,2.0,5,False
2472,1.0,,
2473,1.0,,
2474,2.0,3,False
2475,1.0,,
2476,2.0,2,False
2477,2.0,5,True
2478,2.0,1,False
2479,2.0,5,True
2480,1.0,,
2481,2.0,1,False
2482,2.0,4,True
2483,1.0,,
2484,2.0,3,False
2485,2.0,2,False
2486,2.0,3,False
2487,1.0,,
2488,2.0,2,False
2489,1.0,,
2490,1.0,,
2491,2.0,3,True
2492,2.0,3,True
2493,2.0,2,True
2494,2.0,4,True
2495,2.0,4,False
2496,2.0,5,False
2497,2.0,4,True
2498,1.0,,
2499,1.0,,
2500,1.0,,
2501,2.0,5,True
2502,2.0,4,True
2503,2.0,5,True
2504,1.0,,
2505,2.0,4,False
2506,2.0,1,False
2507,2.0,3,True
2508,1.0,,
2509,2.0,3,True
2510,2.0,2,True
2511,2.0,2,True
2512,1.0,,
2513,2.0,2,False
2514,2.0,2,True
2515,1.0,,
2516,2.0,3,False
2517,2.0,3,False
2518,1.0,,
2519,2.0,2,False
2520,2.0,1,True
2521,2.0,1,False
2522,1.0,,
2523,2.0,5,False
2524,2.0,4,True
2525,1.0,,
2526,1.0,,
2527,2.0,3,True
2528,1.0,,
2529,1.0,,
2530,2.0,2,False
2531,2.0,4,True
2532,2.0,5,False
2533,2.0,2,True
2534,2.0,3,True
2535,2.0,3,True
2536,2.0,1,True
2537,1.0,,
2538,2.0,4,False
2539,1.0,,
2540,1.0,,
2541,2.0,1,False
2542,2.0,5,False
2543,1.0,,
2544,2.0,1,True
2545,2.0,3,False
2546,1.0,,
2547,2.0,4,False
2548,2.0,4,False
2549,2.0,1,False
2550,2.0,4,False
2551,2.0,4,False
2552,1.0,,
2553,2.0,2,False
2554,2.0,4,True
2555,2.0,1,False
2556,2.0,5,True
2557,1.0,,
2558,2.0,1,True
2559,2.0,2,False
2560,1.0,,
2561,1.0,,
2562,1.0,,
2563,1.0,,
2564,2.0,4,False
2565,2.0,1,True
2566,2.0,2,True
2567,2.0,1,False
2568,2.0,4,False
2569,2.0,4,True
2570,1.0,,
2571,2.0,2,False
2572,2.0,3,True
2573,2.0,5,True
2574,1.0,,
2575,2.0,2,False
2576,2.0,2,True
2577,2.0,1,False
2578,2.0,3,True
2579,2.0,1,True
2580,1.0,,
2581,1.0,,
2582,1.0,,
2583,2.0,3,False
2584,1.0,,
2585,2.0,1,False
2586,1.0,,
2587,1.0,,
2588,1.0,,
2589,2.0,4,False
2590,2.0,1,False
2591,1.0,,
2592,2.0,1,True
2593,2.0,5,True
2594,2.0,1,False
2595,2.0,4,False
2596,2.0,1,False
2597,2.0,1,False
2598,2.0,3,False
2599,1.0,,
2600,2.0,5,False
2601,2.0,5,False
2602,2.0,2,False
2603,2.0,2,True
2604,2.0,5,True
2605,1.0,,
2606,2.0,3,False
2607,2.0,1,False
2608,2.0,3,True
2609,1.0,,
2610,1.0,,
2611,2.0,1,True
2612,2.0,3,True
2613,1.0,,
2614,2.0,4,False
2615,2.0,5,False
2616,2.0,3,True
2617,2.0,3,True
2618,1.0,,
2619,2.0,2,False
2620,1.0,,
2621,2.0,4,True
2622,2.0,2,False
2623,2.0,3,True
2624,2.0,2,False
2625,2.0,1,True
2626,2.0,4,False
2627,2.0,5,False
2628,1.0,,
2629,2.0,3,False
2630,1.0,,
2631,1.0,,
2632,1.0,,
2633,2.0,3,False
2634,1.0,,
2635,1.0,,
2636,2.0,4,False
2637,2.0,1,True
2638,2.0,5,False
2639,2.0,4,True
2640,1.0,,
2641,1.0,,
2642,2.0,2,False
2643,2.0,3,False
2644,1.0,,
2645,1.0,,
2646,2.0,2,False
2647,2.0,3,False
2648,1.0,,
2649,2.0,5,False
2650,2.0,4,True
2651,1.0,,
2652,2.0,3,True
2653,2.0,4,True
2654,2.0,1,False
2655,1.0,,
2656,2.0,1,True
2657,1.0,,
2658,2.0,5,True
2659,2.0,3,True
2660,2.0,1,False
2661,2.0,5,False
2662,2.0,5,True
2663,2.0,1,True
2664,1.0,,
2665,2.0,2,True
2666,2.0,5,True
2667,2.0,5,False
2668,1.0,,
2669,1.0,,
2670,2.0,5,True
2671,1.0,,
2672,1.0,,
2673,2.0,5,True
2674,2.0,2,False
2675,2.0,3,False
2676,2.0,4,True
2677,2.0,5,False
2678,2.0,5,False
2679,1.0,,
2680,2.0,1,True
2681,1.0,,
2682,1.0,,
2683,2.0,5,True
2684,2.0,5,False
2685,2.0,1,False
2686,2.0,3,True
2687,2.0,4,False
2688,1.0,,
2689,2.0,5,True
2690,2.0,2,False
2691,2.0,1,False
2692,2.0,1,False
2693,1.0,,
2694,2.0,1,True
2695,2.0,2,False
2696,1.0,,
2697,2.0,5,False
2698,1.0,,
2699,2.0,3,True
2700,1.0,,
2701,2.0,4,True
2702,2.0,4,True
2703,2.0,2,False
2704,1.0,,
2705,2.0,2,True
2706,2.0,2,True
2707,2.0,4,True
2708,1.0,,
2709,1.0,,
2710,2.0,4,False
2711,2.0,1,False
2712,2.0,1,True
2713,2.0,3,False
2714,2.0,2,True
2715,1.0,,
2716,2.0,1,False
2717,2.0,3,True
2718,2.0,4,False
2719,2.0,2,False
2720,2.0,4,False
2721,2.0,1,True
2722,2.0,4,False
2723,2.0,2,True
2724,2.0,5,False
2725,1.0,,
2726,1.0,,
2727,1.0,,
2728,1.0,,
2729,1.0,,
2730,1.0,,
2731,2.0,4,True
2732,2.0,3,False
2733,2.0,2,False
2734,2.0,2,False
2735,2.0,2,False
2736,2.0,3,True
2737,2.0,1,False
2738,2.0,3,False
2739,2.0,5,False
2740,2.0,5,False
2741,2.0,1,True
2742,1.0,,
2743,1.0,,
2744,2.0,2,False
2745,2.0,3,False
2746,2.0,5,True
2747,2.0,1,True
2748,2.0,2,True
2749,2.0,5,False
2750,1.0,,
2751,2.0,2,False
2752,2.0,2,False
2753,2.0,1,True
2754,2.0,1,False
2755,2.0,3,False
2756,2.0,1,True
2757,1.0,,
2758,2.0,2,True
2759,2.0,2,False
2760,1.0,,
2761,1.0,,
2762,2.0,2,False
2763,2.0,3,False
2764,2.0,3,True
2765,2.0,4,True
2766,2.0,2,False
2767,2.0,4,False
2768,2.0,5,False
2769,2.0,1,False
2770,2.0,5,False
2771,2.0,5,False
2772,2.0,3,True
2773,2.0,4,True
2774,2.0,1,True
2775,2.0,5,False
2776,2.0,3,True
2777,2.0,5,True
2778,2.0,1,True
2779,2.0,1,True
2780,2.0,4,False
2781,2.0,1,False
2782,2.0,3,True
2783,2.0,3,True
2784,2.0,5,True
2785,2.0,2,False
2786,1.0,,
2787,2.0,5,False
2788,2.0,1,True
2789,1.0,,
2790,2.0,1,True
2791,1.0,,
2792,2.0,4,True
2793,1.0,,
2794,1.0,,
2795,2.0,3,True
2796,2.0,3,False
2797,2.0,2,True
2798,2.0,4,True
2799,2.0,1,False
2800,2.0,4,False
2801,2.0,5,False
2802,2.0,4,True
2803,2.0,2,False
2804,2.0,1,False
2805,1.0,,
2806,1.0,,
2807,2.0,1,False
2808,2.0,4,False
2809,1.0,,
2810,2.0,3,False
2811,1.0,,
2812,2.0,2,False
2813,2.0,2,False
2814,2.0,1,False
2815,1.0,,
2816,2.0,1,False
2817,2.0,4,False
2818,1.0,,
2819,1.0,,
2820,2.0,5,False
2821,2.0,3,False
2822,2.0,1,True
2823,2.0,1,True
2824,2.0,2,False
2825,1.0,,
2826,1.0,,
2827,2.0,1,True
2828,2.0,2,True
2829,1.0,,
2830,2.0,5,True
2831,2.0,4,False
2832,2.0,5,False
2833,2.0,3,True
2834,1.0,,
2835,1.0,,
2836,2.0,5,True
2837,1.0,,
2838,1.0,,
2839,1.0,,
2840,2.0,2,False
2841,1.0,,
2842,1.0,,
2843,2.0,1,False
2844,1.0,,
2845,2.0,2,False
2846,1.0,,
2847,2.0,2,True
2848,2.0,3,True
2849,1.0,,
2850,2.0,4,True
2851,2.0,4,False
2852,2.0,1,False
2853,2.0,3,False
2854,2.0,5,True
2855,2.0,1,True
2856,2.0,2,False
2857,2.0,4,True
2858,2.0,1,True
2859,1.0,,
2860,2.0,1,False
2861,1.0,,
2862,2.0,4,True
2863,2.0,4,True
2864,2.0,4,True
2865,1.0,,
2866,1.0,,
2867,2.0,4,True
2868,1.0,,
2869,1.0,,
2870,2.0,3,True
2871,2.0,3,False
2872,2.0,3,False
2873,2.0,5,True
2874,1.0,,
2875,2.0,4,True
2876,2.0,3,True
2877,2.0,1,True
2878,2.0,1,True
2879,2.0,3,True
2880,1.0,,
2881,1.0,,
2882,2.0,4,True
2883,2.0,5,True
2884,1.0,,
2885,2.0,4,False
2886,1.0,,
2887,2.0,5,True
2888,2.0,1,True
2889,2.0,2,True
2890,1.0,,
2891,2.0,3,False
2892,2.0,2,False
2893,2.0,2,True
2894,1.0,,
2895,2.0,1,False
2896,2.0,5,False
2897,2.0,2,False
2898,1.0,,
2899,1.0,,
2900,2.0,3,True
2901,2.0,3,False
2902,2.0,1,False
2903,2.0,2,False
2904,1.0,,
2905,1.0,,
2906,2.0,2,True
2907,2.0,5,True
2908,1.0,,
2909,2.0,4,False
2910,2.0,5,True
2911,1.0,,
2912,2.0,3,True
2913,2.0,1,True
2914,2.0,5,True
2915,2.0,3,True
2916,2.0,3,False
2917,1.0,,
2918,2.0,3,True
2919,1.0,,
2920,2.0,3,True
2921,1.0,,
2922,2.0,3,True
2923,1.0,,
2924,1.0,,
2925,2.0,2,True
2926,1.0,,
2927,1.0,,
2928,2.0,1,False
2929,2.0,4,False
2930,2.0,5,False
2931,1.0,,
2932,2.0,4,False
2933,2.0,3,False
2934,2.0,1,False
2935,2.0,1,True
2936,1.0,,
2937,1.0,,
2938,2.0,4,True
2939,1.0,,
2940,1.0,,
2941,1.0,,
2942,2.0,2,True
2943,1.0,,
2944,2.0,1,True
2945,2.0,3,False
2946,2.0,5,False
2947,2.0,5,True
2948,2.0,5,True
2949,2.0,4,False
2950,1.0,,
2951,2.0,5,False
2952,1.0,,
2953,2.0,1,True
2954,1.0,,
2955,1.0,,
2956,1.0,,
2957,1.0,,
2958,2.0,3,False
2959,2.0,5,True
2960,2.0,4,False
2961,2.0,3,False
2962,2.0,4,False
2963,2.0,1,False
2964,1.0,,
2965,2.0,5,False
2966,2.0,2,False
2967,2.0,1,True
2968,2.0,4,False
2969,2.0,4,True
2970,1.0,,
2971,2.0,2,True
2972,1.0,,
2973,1.0,,
2974,2.0,5,True
2975,2.0,3,True
2976,2.0,2,True
2977,2.0,5,True
2978,1.0,,
2979,1.0,,
2980,2.0,4,True
2981,2.0,2,True
2982,2.0,5,True
2983,2.0,3,True
2984,2.0,5,True
2985,1.0,,
2986,2.0,4,False
2987,2.0,5,True
2988,2.0,5,True
2989,2.0,3,False
2990,1.0,,
2991,2.0,4,False
2992,2.0,2,False
2993,2.0,5,True
2994,1.0,,
2995,2.0,1,True
2996,1.0,,
2997,2.0,4,True
2998,2.0,4,False
2999,1.0,,
3000,1.0,,
3001,1.0,,
3002,2.0,3,True
3003,1.0,,
3004,1.0,,
3005,2.0,1,True
3006,1.0,,
3007,2.0,3,False
3008,2.0,3,True
3009,2.0,4,False
3010,2.0,2,False
3011,2.0,5,True
3012,2.0,2,True
3013,1.0,,
3014,2.0,4,False
3015,2.0,4,True
3016,2.0,3,False
3017,1.0,,
3018,2.0,3,True
3019,2.0,4,False
3020,1.0,,
3021,2.0,1,False
3022,1.0,,
3023,2.0,4,True
3024,2.0,1,False
3025,1.0,,
3026,2.0,3,True
3027,2.0,1,False
3028,2.0,1,False
3029,1.0,,
3030,2.0,2,True
3031,2.0,4,False
3032,1.0,,
3033,2.0,4,True
3034,2.0,3,False
3035,2.0,4,True
3036,1.0,,
3037,2.0,2,True
3038,2.0,4,True
3039,2.0,2,False
3040,2.0,3,False
3041,1.0,,
3042,2.0,1,True
3043,2.0,2,False
3044,2.0,5,True
3045,2.0,3,False
3046,2.0,2,True
3047,2.0,4,True
3048,2.0,5,True
3049,2.0,3,True
3050,2.0,2,True
3051,2.0,3,True
3052,2.0,5,False
3053,2.0,4,False
3054,2.0,1,False
3055,2.0,1,False
3056,1.0,,
3057,1.0,,
3058,1.0,,
3059,2.0,1,True
3060,1.0,,
3061,1.0,,
3062,1.0,,
3063,1.0,,
3064,2.0,2,False
3065,1.0,,
3066,1.0,,
3067,1.0,,
3068,2.0,5,True
3069,2.0,4,False
3070,2.0,5,False
3071,2.0,4,False
3072,2.0,4,True
3073,1.0,,
3074,2.0,3,False
3075,1.0,,
3076,1.0,,
3077,2.0,4,True
3078,2.0,2,False
3079,1.0,,
3080,2.0,5,True
3081,2.0,2,True
3082,2.0,4,True
3083,2.0,5,False
3084,2.0,3,True
3085,1.0,,
3086,2.0,3,False
3087,2.0,3,True
3088,2.0,5,False
3089,1.0,,
3090,1.0,,
3091,2.0,3,True
3092,1.0,,
3093,2.0,4,True
3094,2.0,2,True
3095,2.0,1,False
3096,1.0,,
3097,1.0,,
3098,2.0,5,False
3099,2.0,4,False
3100,2.0,5,True
3101,2.0,2,False
3102,1.0,,
3103,2.0,2,True
3104,1.0,,
3105,2.0,5,False
3106,2.0,1,False
3107,2.0,3,True
3108,2.0,1,True
3109,2.0,1,True
3110,1.0,,
3111,1.0,,
3112,1.0,,
3113,2.0,2,False
3114,2.0,4,True
3115,2.0,4,True
3116,2.0,4,True
3117,2.0,3,True
3118,1.0,,
3119,2.0,2,False
3120,2.0,3,True
3121,2.0,2,True
3122,2.0,4,True
3123,2.0,4,False
3124,1.0,,
3125,2.0,2,True
3126,2.0,3,True
3127,2.0,3,True
3128,2.0,5,False
3129,2.0,1,False
3130,1.0,,
3131,1.0,,
3132,2.0,5,False
3133,1.0,,
3134,2.0,3,True
3135,1.0,,
3136,2.0,5,True
3137,1.0,,
3138,2.0,1,False
3139,2.0,3,True
3140,1.0,,
3141,2.0,4,True
3142,2.0,3,True
3143,1.0,,
3144,2.0,5,True
3145,1.0,,
3146,1.0,,
3147,1.0,,
3148,2.0,3,True
3149,2.0,4,False
3150,2.0,1,True
3151,1.0,,
3152,2.0,4,False
3153,2.0,4,False
3154,2.0,2,True
3155,2.0,5,False
3156,1.0,,
3157,2.0,4,True
3158,1.0,,
3159,2.0,3,True
3160,1.0,,
3161,1.0,,
3162,1.0,,
3163,2.0,4,False
3164,1.0,,
3165,1.0,,
3166,2.0,3,True
3167,2.0,4,True
3168,2.0,1,True
3169,1.0,,
3170,1.0,,
3171,1.0,,
3172,1.0,,
3173,2.0,1,True
3174,2.0,4,True
3175,2.0,5,False
3176,2.0,4,False
3177,1.0,,
3178,1.0,,
3179,2.0,1,False
3180,1.0,,
3181,2.0,3,False
3182,2.0,5,False
3183,2.0,4,False
3184,2.0,5,False
3185,2.0,3,True
3186,2.0,5,False
3187,2.0,4,True
3188,2.0,1,True
3189,2.0,4,False
3190,2.0,3,True
3191,2.0,3,True
3192,1.0,,
3193,2.0,5,False
3194,1.0,,
3195,2.0,1,False
3196,1.0,,
3197,1.0,,
3198,2.0,3,False
3199,1.0,,
3200,2.0,3,True
3201,1.0,,
3202,1.0,,
3203,1.0,,
3204,2.0,2,True
3205,1.0,,
3206,1.0,,
3207,2.0,1,False
3208,2.0,1,True
3209,2.0,5,True
3210,2.0,1,True
3211,2.0,3,True
3212,2.0,1,False
3213,2.0,1,False
3214,2.0,4,True
3215,2.0,1,True
3216,1.0,,
3217,1.0,,
3218,1.0,,
3219,2.0,3,False
3220,1.0,,
3221,2.0,5,True
3222,2.0,3,False
3223,1.0,,
3224,2.0,4,False
3225,1.0,,
3226,2.0,3,True
3227,2.0,2,True
3228,1.0,,
3229,2.0,4,False
3230,2.0,5,False
3231,2.0,4,True
3232,1.0,,
3233,1.0,,
3234,2.0,5,False
3235,2.0,3,True
3236,2.0,4,False
3237,2.0,3,True
3238,2.0,5,True
3239,2.0,5,True
3240,2.0,1,False
3241,2.0,2,False
3242,1.0,,
3243,2.0,5,False
3244,1.0,,
3245,2.0,5,True
3246,2.0,2,False
3247,2.0,5,False
3248,2.0,1,True
3249,2.0,1,True
3250,1.0,,
3251,2.0,4,True
3252,1.0,,
3253,2.0,1,False
3254,1.0,,
3255,1.0,,
3256,2.0,3,True
3257,2.0,5,True
3258,2.0,1,True
3259,1.0,,
3260,2.0,2,True
3261,2.0,2,True
3262,2.0,3,False
3263,1.0,,
3264,1.0,,
3265,2.0,5,False
3266,2.0,5,False
3267,2.0,4,False
3268,2.0,5,True
3269,1.0,,
3270,2.0,5,False
3271,1.0,,
3272,2.0,2,False
3273,1.0,,
3274,1.0,,
3275,1.0,,
3276,2.0,4,True
3277,2.0,2,False
3278,2.0,2,False
3279,1.0,,
3280,1.0,,
3281,2.0,1,True
3282,2.0,4,False
3283,1.0,,
3284,2.0,5,True
3285,1.0,,
3286,2.0,4,True
3287,2.0,3,False
3288,2.0,2,True
3289,2.0,5,True
3290,2.0,3,True
3291,2.0,2,True
3292,1.0,,
3293,2.0,5,False
3294,2.0,5,False
3295,2.0,5,False
3296,2.0,4,True
3297,1.0,,
3298,2.0,1,True
3299,2.0,5,False
3300,2.0,5,True
3301,2.0,3,True
3302,2.0,3,False
3303,2.0,2,True
3304,2.0,3,True
3305,1.0,,
3306,2.0,4,True
3307,2.0,4,True
3308,2.0,4,False
3309,2.0,3,True
3310,1.0,,
3311,1.0,,
3312,1.0,,
3313,2.0,4,False
3314,1.0,,
3315,1.0,,
3316,2.0,4,True
3317,1.0,,
3318,1.0,,
3319,2.0,4,True
3320,1.0,,
3321,2.0,2,False
3322,1.0,,
3323,1.0,,
3324,1.0,,
3325,2.0,4,False
3326,2.0,3,False
3327,1.0,,
3328,1.0,,
3329,1.0,,
3330,2.0,4,False
3331,1.0,,
3332,1.0,,
3333,1.0,,
3334,2.0,3,True
3335,2.0,4,True
3336,1.0,,
3337,1.0,,
3338,2.0,2,True
3339,2.0,5,True
3340,2.0,4,True
3341,2.0,3,True
3342,2.0,2,True
3343,2.0,1,True
3344,2.0,1,True
3345,2.0,2,True
3346,1.0,,
3347,1.0,,
3348,2.0,5,False
3349,2.0,4,True
3350,2.0,4,True
3351,2.0,4,False
3352,1.0,,
3353,2.0,1,False
3354,1.0,,
3355,2.0,4,False
3356,1.0,,
3357,2.0,5,True
3358,2.0,4,True
3359,1.0,,
3360,2.0,1,False
3361,1.0,,
3362,2.0,3,True
3363,1.0,,
3364,2.0,2,False
3365,2.0,2,False
3366,2.0,5,False
3367,1.0,,
3368,2.0,5,True
3369,2.0,1,False
3370,2.0,2,True
3371,2.0,2,True
3372,2.0,4,False
3373,2.0,2,True
3374,1.0,,
3375,2.0,5,False
3376,2.0,4,True
3377,2.0,5,False
3378,1.0,,
3379,2.0,2,True
3380,1.0,,
3381,2.0,5,True
3382,2.0,2,False
3383,2.0,4,False
3384,1.0,,
3385,2.0,5,False
3386,1.0,,
3387,2.0,2,False
3388,2.0,3,False
3389,2.0,3,True
3390,2.0,4,False
3391,1.0,,
3392,2.0,4,False
3393,2.0,2,True
3394,2.0,2,True
3395,1.0,,
3396,1.0,,
3397,2.0,2,False
3398,2.0,2,False
3399,2.0,5,False
3400,2.0,5,False
3401,2.0,3,False
3402,2.0,4,False
3403,2.0,5,True
3404,2.0,4,False
3405,2.0,5,True
3406,1.0,,
3407,2.0,2,False
3408,1.0,,
3409,1.0,,
3410,1.0,,
3411,2.0,3,False
3412,2.0,2,False
3413,2.0,3,True
3414,2.0,1,False
3415,1.0,,
3416,2.0,4,False
3417,2.0,4,True
3418,2.0,4,False
3419,2.0,2,False
3420,2.0,5,True
3421,2.0,1,False
3422,2.0,1,True
3423,1.0,,
3424,2.0,3,False
3425,2.0,4,True
3426,1.0,,
3427,2.0,3,False
3428,2.0,2,True
3429,2.0,5,False
3430,1.0,,
3431,2.0,5,False
3432,1.0,,
3433,1.0,,
3434,2.0,2,True
3435,2.0,4,False
3436,2.0,1,False
3437,2.0,5,False
3438,2.0,2,False
3439,1.0,,
3440,2.0,1,False
3441,1.0,,
3442,2.0,1,True
3443,2.0,3,False
3444,2.0,2,False
3445,2.0,3,False
3446,2.0,4,True
3447,2.0,4,True
3448,1.0,,
3449,2.0,2,True
3450,1.0,,
3451,2.0,5,True
3452,1.0,,
3453,2.0,3,True
3454,2.0,2,False
3455,2.0,2,True
3456,2.0,4,True
3457,2.0,2,False
3458,1.0,,
3459,2.0,4,True
3460,1.0,,
3461,2.0,4,True
3462,1.0,,
3463,1.0,,
3464,1.0,,
3465,2.0,4,False
3466,2.0,2,True
3467,1.0,,
3468,2.0,5,False
3469,1.0,,
3470,1.0,,
3471,2.0,1,False
3472,1.0,,
3473,1.0,,
3474,2.0,5,False
3475,1.0,,
3476,2.0,2,True
3477,1.0,,
3478,2.0,5,True
3479,2.0,5,True
3480,1.0,,
3481,2.0,4,False
3482,2.0,4,True
3483,2.0,1,True
3484,2.0,1,True
3485,2.0,5,False
3486,2.0,5,False
3487,2.0,2,False
3488,2.0,5,True
3489,1.0,,
3490,1.0,,
3491,1.0,,
3492,1.0,,
3493,1.0,,
3494,2.0,4,True
3495,1.0,,
3496,2.0,3,True
3497,2.0,4,False
3498,1.0,,
3499,2.0,3,False
3500,1.0,,
3501,2.0,3,True
3502,1.0,,
3503,2.0,3,False
3504,1.0,,
3505,1.0,,
3506,1.0,,
3507,1.0,,
3508,2.0,4,True
3509,2.0,1,True
3510,2.0,2,True
3511,2.0,5,True
3512,2.0,4,False
3513,2.0,2,False
3514,2.0,4,False
3515,2.0,2,False
3516,1.0,,
3517,1.0,,
3518,2.0,1,True
3519,2.0,2,False
3520,1.0,,
3521,2.0,1,True
3522,2.0,1,False
3523,2.0,3,True
3524,2.0,5,True
3525,2.0,2,False
3526,2.0,3,True
3527,1.0,,
3528,2.0,2,True
3529,2.0,5,False
3530,1.0,,
3531,2.0,2,True
3532,2.0,2,False
3533,2.0,4,False
3534,1.0,,
3535,2.0,4,True
3536,1.0,,
3537,2.0,2,False
3538,1.0,,
3539,2.0,2,True
3540,2.0,2,True
3541,1.0,,
3542,2.0,3,False
3543,2.0,3,False
3544,2.0,1,True
3545,2.0,4,False
3546,2.0,5,False
3547,1.0,,
3548,1.0,,
3549,1.0,,
3550,1.0,,
3551,2.0,2,False
3552,1.0,,
3553,2.0,4,False
3554,2.0,1,True
3555,2.0,3,True
3556,2.0,3,False
3557,1.0,,
3558,1.0,,
3559,1.0,,
3560,2.0,4,True
3561,2.0,3,True
3562,2.0,1,False
3563,2.0,2,True
3564,2.0,4,False
3565,2.0,4,False
3566,2.0,2,False
3567,2.0,3,True
3568,2.0,3,True
3569,2.0,5,True
3570,2.0,2,True
3571,1.0,,
3572,2.0,4,False
3573,2.0,1,True
3574,1.0,,
3575,2.0,1,True
3576,2.0,2,True
3577,2.0,4,True
3578,1.0,,
3579,1.0,,
3580,1.0,,
3581,1.0,,
3582,2.0,4,False
3583,2.0,4,False
3584,2.0,1,False
3585,1.0,,
3586,2.0,4,True
3587,1.0,,
3588,2.0,4,False
3589,2.0,2,False
3590,1.0,,
3591,2.0,2,False
3592,1.0,,
3593,2.0,1,False
3594,2.0,1,False
3595,2.0,1,False
3596,2.0,5,False
3597,2.0,5,False
3598,2.0,2,True
3599,2.0,1,False
3600,2.0,3,True
3601,2.0,1,False
3602,2.0,2,False
3603,1.0,,
3604,2.0,5,False
3605,1.0,,
3606,2.0,4,True
3607,2.0,3,True
3608,1.0,,
3609,2.0,5,True
3610,1.0,,
3611,2.0,3,True
3612,2.0,4,False
3613,1.0,,
3614,1.0,,
3615,1.0,,
3616,2.0,4,False
3617,1.0,,
3618,1.0,,
3619,2.0,5,True
3620,1.0,,
3621,2.0,4,False
