id_produto,nome,categoria,preco
438,Notebook,eletronico,1218.27
438,Notebook,eletronico,1218.27
356,Notebook,eletronico,4691.8
498,Relógio,eletronico,1559.9
7,Relógio,eletronico,2355.48
359,Fone,eletronico,4435.12
92,Camisa,eletronico,3324.89
47,Relógio,acessorio,364.38
313,Camisa,eletronico,1845.06
90,Fone,acessorio,1887.37
218,Celular,eletronico,136.37
39,Fone,roupa,3548.24
169,Celular,acessorio,4564.37
193,Camisa,eletronico,627.62
104,Tênis,acessorio,2469.22
496,Camisa,acessorio,4775.92
251,Relógio,eletronico,494.94
243,Fone,roupa,1771.06
231,Fone,roupa,3111.06
157,Notebook,acessorio,3612.47
208,Fone,acessorio,625.5
70,Notebook,roupa,2944.27
1,Notebook,roupa,2075.11
99,Tênis,eletronico,601.39
352,Fone,eletronico,4753.73
489,Tênis,eletronico,2253.21
327,Celular,acessorio,1718.61
263,Tênis,eletronico,3511.29
500,Fone,eletronico,4001.01
154,Camisa,roupa,4698.27
487,Tênis,eletronico,1674.87
342,Fone,roupa,3504.84
177,Relógio,roupa,1651.21
353,Celular,acessorio,2656.03
369,Relógio,roupa,1769.73
487,Fone,eletronico,2636.66
359,Fone,eletronico,2422.38
441,Relógio,roupa,1617.65
72,Tênis,roupa,2154.29
357,Camisa,acessorio,2000.03
269,Fone,eletronico,773.02
80,Celular,roupa,3879.58
80,Celular,roupa,3879.58
247,Relógio,roupa,2180.23
379,Tênis,acessorio,1794.84
202,Celular,roupa,2276.48
43,Relógio,eletronico,2717.02
199,Camisa,eletronico,3058.6
114,Fone,eletronico,1247.58
366,Celular,eletronico,3811.49
7,Celular,acessorio,3676.51
264,Camisa,eletronico,4921.28
10,Celular,eletronico,2643.68
394,Relógio,acessorio,1226.54
16,Relógio,roupa,861.31
136,Relógio,acessorio,4145.14
118,Notebook,roupa,829.02
498,Notebook,acessorio,1847.95
368,Fone,eletronico,2670.46
309,Celular,eletronico,1045.58
446,Relógio,acessorio,4157.14
62,Camisa,eletronico,2387.69
481,Fone,eletronico,987.5
123,Fone,acessorio,4581.74
110,Notebook,acessorio,2959.85
240,Celular,eletronico,4240.78
280,Celular,acessorio,138.26
198,Notebook,roupa,1055.79
481,Tênis,eletronico,4531.63
344,Relógio,eletronico,3905.04
168,Celular,roupa,3989.77
60,Relógio,eletronico,1932.03
459,Relógio,acessorio,4646.07
472,Tênis,roupa,1202.92
324,Notebook,acessorio,433.93
306,Tênis,acessorio,4574.45
73,Fone,roupa,4864.52
16,Notebook,roupa,1550.51
173,Relógio,roupa,2228.16
477,Notebook,roupa,2032.82
205,Relógio,eletronico,4371.83
4,Tênis,roupa,2573.92
154,Tênis,roupa,3898.19
154,Tênis,roupa,3898.19
226,Camisa,acessorio,2712.56
106,Relógio,roupa,4594.36
36,Notebook,acessorio,2805.04
74,Celular,eletronico,334.13
328,Relógio,roupa,2673.13
227,Relógio,roupa,1524.58
142,Fone,roupa,1781.41
57,Tênis,roupa,2764.58
152,Fone,acessorio,2408.6
240,Camisa,eletronico,344.94
409,Celular,acessorio,4903.73
492,Camisa,roupa,2507.06
382,Notebook,roupa,2974.46
474,Fone,acessorio,2541.06
378,Relógio,acessorio,536.03
500,Celular,acessorio,4215.19
269,Fone,eletronico,3871.17
378,Fone,roupa,3756.81
133,Relógio,eletronico,927.52
170,Notebook,roupa,4316.96
358,Relógio,acessorio,4771.07
228,Fone,acessorio,60.66
460,Relógio,eletronico,2023.64
208,Camisa,eletronico,1836.65
362,Tênis,roupa,2189.87
344,Relógio,eletronico,100.73
470,Tênis,roupa,3663.16
16,Fone,acessorio,2363.6
364,Celular,acessorio,2191.2
173,Camisa,eletronico,440.09
303,Camisa,roupa,111
313,Notebook,roupa,833.15
23,Relógio,roupa,3322.36
114,Fone,acessorio,3081.19
452,Celular,roupa,670.6
415,Celular,eletronico,2054.02
41,Camisa,roupa,3528.44
156,Tênis,eletronico,3808.25
232,Notebook,acessorio,3510.36
107,Notebook,eletronico,4349.94
107,Notebook,eletronico,4349.94
188,Notebook,acessorio,2937.6
201,Fone,eletronico,4301.55
233,Tênis,roupa,2850.26
479,Tênis,acessorio,484.07
142,Relógio,eletronico,4602.89
222,Camisa,roupa,4668.3
154,Camisa,roupa,3124.21
194,Tênis,eletronico,2224.16
164,Notebook,roupa,4715.98
161,Notebook,roupa,99.18
47,Celular,roupa,1667.22
60,Camisa,roupa,168.12
118,Notebook,roupa,3385.1
222,Notebook,eletronico,426.01
234,Fone,acessorio,2263.42
401,Tênis,eletronico,349.27
410,Tênis,acessorio,3641.62
33,Camisa,eletronico,2637.4
191,Fone,acessorio,3769.36
189,Camisa,acessorio,107.39
210,Relógio,eletronico,1858.92
130,Tênis,acessorio,1307.24
249,Relógio,acessorio,3571.53
390,Tênis,acessorio,3282.37
238,Notebook,acessorio,1228.14
217,Notebook,eletronico,3482.12
76,Notebook,roupa,4069.39
183,Fone,roupa,3281.83
218,Fone,acessorio,2637.82
473,Celular,eletronico,3187.39
210,Fone,acessorio,2359.14
185,Tênis,eletronico,275.37
15,Fone,eletronico,2753.33
241,Fone,acessorio,171.09
223,Relógio,eletronico,2506.97
318,Tênis,acessorio,4831.46
258,Camisa,eletronico,43.61
201,Camisa,acessorio,2075.03
428,Notebook,eletronico,1083.92
204,Notebook,roupa,2036.2
204,Notebook,roupa,2036.2
164,Notebook,acessorio,767.67
64,Fone,acessorio,4655.29
67,Fone,eletronico,4321.24
466,Camisa,roupa,1319.25
491,Relógio,eletronico,1808.08
22,Camisa,acessorio,3528.47
425,Celular,eletronico,3094.25
447,Celular,roupa,1325.25
159,Tênis,eletronico,555.74
184,Fone,acessorio,4993.45
137,Camisa,eletronico,1995.47
291,Celular,eletronico,418.86
385,Relógio,roupa,1225.48
362,Tênis,acessorio,4637.77
297,Camisa,eletronico,328.89
84,Tênis,eletronico,2975.28
374,Notebook,acessorio,1326.09
25,Fone,acessorio,4279.04
314,Fone,eletronico,3469.76
235,Notebook,acessorio,2111.82
244,Notebook,acessorio,749.94
39,Relógio,eletronico,1553.06
499,Notebook,eletronico,4932.92
2,Tênis,eletronico,890.87
212,Notebook,acessorio,3645.37
134,Tênis,roupa,4565.9
473,Celular,roupa,3796.14
64,Celular,eletronico,4831.5
341,Tênis,roupa,2475.63
473,Relógio,acessorio,1102.15
245,Notebook,roupa,603.95
374,Notebook,acessorio,3472.71
229,Fone,eletronico,1084.32
298,Notebook,roupa,1952.31
409,Relógio,roupa,1349.25
384,Tênis,acessorio,3091.26
299,Camisa,acessorio,1671.46
143,Notebook,eletronico,1175.65
475,Celular,roupa,2129.66
189,Notebook,eletronico,3572.53
189,Notebook,eletronico,3572.53
124,Fone,acessorio,3050.24
343,Celular,eletronico,3529.89
222,Camisa,eletronico,4292.54
124,Tênis,eletronico,2596.49
398,Relógio,eletronico,1720.82
21,Relógio,eletronico,4887.09
73,Relógio,roupa,1314.18
260,Tênis,eletronico,4149.17
160,Relógio,eletronico,2838.37
148,Fone,roupa,3951.9
107,Tênis,eletronico,2680.09
302,Relógio,acessorio,2119.53
360,Camisa,eletronico,4068.13
21,Camisa,acessorio,4237.64
410,Relógio,acessorio,3325.01
262,Notebook,roupa,2979.96
463,Notebook,acessorio,324.82
113,Fone,roupa,1637.2
266,Celular,roupa,1947.74
161,Celular,roupa,2226.3
265,Fone,eletronico,1640.46
434,Celular,acessorio,1913.78
23,Notebook,eletronico,4745.88
481,Notebook,eletronico,3542.12
63,Relógio,acessorio,1857.08
265,Notebook,roupa,1514.29
197,Tênis,acessorio,4242.99
456,Relógio,eletronico,3402.01
340,Relógio,eletronico,2658.46
490,Tênis,roupa,1607.72
206,Celular,acessorio,1019.71
358,Fone,roupa,3124.66
1,Camisa,roupa,353.85
443,Tênis,roupa,4430.5
341,Tênis,roupa,404.51
265,Camisa,eletronico,2359.98
376,Fone,acessorio,2414.49
408,Notebook,roupa,257.28
121,Celular,roupa,1879.34
171,Celular,eletronico,2737.86
171,Celular,eletronico,2737.86
166,Notebook,eletronico,2639.77
221,Tênis,eletronico,444.48
130,Fone,acessorio,1230.2
197,Celular,roupa,3614.86
366,Relógio,eletronico,4450.3
165,Fone,eletronico,2706.67
13,Relógio,eletronico,2523.04
117,Notebook,acessorio,4182.45
17,Camisa,acessorio,1508.06
128,Relógio,acessorio,1397.81
438,Tênis,roupa,3701.83
179,Camisa,eletronico,2068.2
427,Fone,roupa,1377.81
409,Camisa,eletronico,1263.4
498,Celular,eletronico,4607.01
247,Fone,acessorio,2904.66
468,Camisa,eletronico,372.6
77,Camisa,roupa,1869.04
294,Tênis,roupa,501.15
38,Relógio,roupa,1761.33
279,Notebook,acessorio,3306.71
103,Notebook,roupa,1566.81
349,Celular,eletronico,4851.65
74,Notebook,roupa,4981.22
497,Celular,eletronico,1368.71
175,Fone,acessorio,3869.67
137,Celular,eletronico,4859.97
183,Notebook,roupa,2804.31
63,Relógio,roupa,2752.62
219,Relógio,acessorio,4398.33
435,Relógio,roupa,3390.85
414,Camisa,acessorio,3136.88
5,Fone,eletronico,332.06
492,Camisa,acessorio,2293.08
380,Camisa,eletronico,475.09
147,Relógio,eletronico,631.23
241,Fone,acessorio,1729.15
485,Relógio,eletronico,775.1
313,Celular,eletronico,1957.28
304,Fone,acessorio,4798.52
304,Fone,acessorio,4798.52
11,Relógio,acessorio,4027.07
46,Camisa,acessorio,4028.67
443,Notebook,roupa,4954.51
139,Celular,acessorio,2946.42
473,Notebook,acessorio,4984.66
151,Tênis,acessorio,120.46
173,Relógio,eletronico,706.59
258,Celular,eletronico,1004.55
9,Notebook,eletronico,4594.22
22,Relógio,acessorio,4524.06
83,Tênis,acessorio,2517.42
477,Camisa,roupa,2589.38
163,Fone,roupa,4911.23
125,Notebook,acessorio,676.31
241,Relógio,eletronico,3209.63
426,Celular,eletronico,3043.23
497,Notebook,roupa,2906.66
327,Notebook,eletronico,3485.93
352,Tênis,eletronico,1614.13
32,Notebook,eletronico,1985.12
109,Camisa,eletronico,767.58
465,Relógio,acessorio,2824.37
323,Celular,acessorio,4015.79
273,Tênis,acessorio,1505.33
326,Fone,eletronico,2116.11
122,Celular,roupa,1390.5
122,Relógio,acessorio,850.9
33,Celular,roupa,2077.2
413,Tênis,eletronico,4978.65
328,Celular,acessorio,2442.22
194,Notebook,acessorio,568.89
464,Camisa,acessorio,3309.98
424,Tênis,acessorio,3820.68
163,Notebook,eletronico,2076.05
143,Notebook,roupa,2446.78
23,Relógio,roupa,255.14
391,Relógio,roupa,3722.2
475,Relógio,acessorio,2851.47
3,Fone,roupa,3901.89
258,Fone,roupa,2691.64
258,Fone,roupa,2691.64
254,Tênis,roupa,3132.17
479,Camisa,roupa,44.68
294,Fone,roupa,3239.03
333,Relógio,roupa,1015.15
349,Camisa,roupa,551.33
169,Tênis,roupa,2362.91
57,Notebook,roupa,1759.77
499,Fone,roupa,199.36
244,Fone,roupa,45.25
164,Fone,roupa,652.2
443,Camisa,roupa,642.55
341,Camisa,acessorio,3328.46
373,Fone,eletronico,3484.68
268,Notebook,roupa,4623.17
274,Tênis,acessorio,4629.22
45,Relógio,acessorio,4412.28
473,Celular,acessorio,261.84
20,Tênis,acessorio,123.98
362,Notebook,roupa,1277.62
200,Camisa,eletronico,497.35
452,Relógio,acessorio,3367.18
492,Notebook,eletronico,1792.97
95,Fone,eletronico,1445.46
309,Relógio,roupa,2472.21
263,Celular,eletronico,4485.89
161,Relógio,acessorio,4892.6
370,Relógio,eletronico,4207.87
329,Notebook,roupa,737.29
263,Fone,eletronico,2040.59
279,Fone,eletronico,1175.7
407,Tênis,eletronico,2014.29
77,Relógio,acessorio,2173.43
57,Relógio,roupa,1338.65
160,Fone,acessorio,3706.1
381,Relógio,acessorio,4614.33
123,Tênis,roupa,389.96
459,Notebook,eletronico,3493.49
416,Camisa,eletronico,3661.26
481,Camisa,roupa,3299.83
122,Camisa,eletronico,1764.31
122,Camisa,eletronico,1764.31
444,Fone,acessorio,390.69
232,Relógio,eletronico,2909.55
209,Fone,eletronico,4059
36,Relógio,eletronico,2102.25
392,Fone,roupa,1000.38
96,Fone,eletronico,1802.71
346,Relógio,acessorio,1092.54
24,Celular,roupa,125.54
406,Notebook,eletronico,924.78
163,Fone,eletronico,1655.54
338,Fone,roupa,4890.9
244,Notebook,acessorio,3054.03
1,Tênis,eletronico,1235.06
113,Tênis,roupa,2765.82
478,Fone,roupa,2429.24
293,Fone,eletronico,1875.32
216,Notebook,acessorio,4715.02
416,Tênis,acessorio,410.66
214,Notebook,roupa,1169.87
437,Camisa,roupa,532.45
358,Relógio,eletronico,2573.62
91,Camisa,acessorio,4837.34
475,Notebook,roupa,134.24
364,Fone,acessorio,4729.53
161,Camisa,eletronico,2542.73
322,Celular,roupa,4715.38
483,Notebook,eletronico,1080.02
284,Tênis,eletronico,1795.83
7,Fone,acessorio,1261.89
18,Celular,roupa,4481.34
446,Fone,acessorio,163.42
80,Fone,roupa,2629.94
75,Notebook,acessorio,2710.87
52,Relógio,roupa,2075.82
427,Tênis,roupa,2754.76
270,Celular,eletronico,4433.56
101,Fone,roupa,4606.38
42,Tênis,acessorio,2675.92
460,Fone,roupa,1954.12
267,Camisa,acessorio,1068.17
267,Camisa,acessorio,1068.17
189,Tênis,eletronico,2510.6
314,Relógio,eletronico,2081.19
461,Camisa,acessorio,3148.95
84,Fone,roupa,3905.27
185,Fone,roupa,939.45
8,Celular,roupa,3355.02
341,Camisa,eletronico,471.96
352,Camisa,eletronico,2655.92
78,Notebook,acessorio,1246.73
228,Celular,roupa,86.46
127,Celular,roupa,4119.66
337,Camisa,eletronico,4186.89
68,Notebook,roupa,3559.52
270,Relógio,acessorio,4177.65
289,Camisa,acessorio,2733.5
463,Tênis,roupa,543.42
112,Celular,acessorio,4639.15
332,Celular,roupa,2907.97
100,Notebook,eletronico,2624.78
15,Notebook,eletronico,4133.32
431,Celular,eletronico,1133.13
359,Relógio,acessorio,231.85
328,Fone,eletronico,1540.65
256,Notebook,eletronico,850.23
48,Tênis,acessorio,4505.9
191,Camisa,roupa,1179.01
406,Notebook,roupa,1229.81
82,Tênis,roupa,1362.67
413,Fone,acessorio,3229.43
366,Celular,eletronico,3153.22
275,Notebook,roupa,2214.04
145,Notebook,roupa,4656.12
178,Camisa,roupa,3411.26
467,Tênis,acessorio,4195.12
57,Fone,roupa,2177.63
125,Tênis,eletronico,2820.72
400,Fone,eletronico,3495.49
239,Celular,roupa,1799.12
282,Notebook,roupa,3388.31
370,Relógio,roupa,3422.36
370,Relógio,roupa,3422.36
374,Fone,roupa,4666.41
372,Notebook,acessorio,4736.62
289,Camisa,eletronico,2325.18
167,Notebook,acessorio,777.86
121,Fone,acessorio,1772.31
456,Relógio,eletronico,1950.78
221,Notebook,eletronico,2595.44
407,Notebook,acessorio,341.24
4,Celular,eletronico,1648.69
272,Relógio,acessorio,960.14
411,Fone,roupa,615.74
403,Notebook,roupa,693.06
121,Tênis,roupa,308.78
233,Relógio,roupa,4994.95
55,Notebook,acessorio,2151.84
442,Relógio,roupa,608.8
13,Relógio,acessorio,1637.28
494,Tênis,eletronico,384.8
269,Relógio,acessorio,1490.96
174,Relógio,roupa,3042.29
289,Celular,acessorio,4272.55
210,Tênis,eletronico,32.8
31,Fone,roupa,3969.68
419,Fone,acessorio,890.93
427,Celular,roupa,2176.52
101,Relógio,roupa,1948.85
9,Fone,acessorio,2941.88
204,Celular,eletronico,2427.44
145,Fone,roupa,150.55
172,Notebook,acessorio,2162.59
147,Celular,acessorio,731.28
498,Fone,roupa,3337.57
449,Fone,roupa,1203.96
344,Fone,acessorio,3944.87
184,Tênis,acessorio,134.6
469,Tênis,acessorio,2784.59
86,Notebook,roupa,4476.7
349,Notebook,eletronico,3913.46
366,Relógio,eletronico,4674.78
188,Camisa,eletronico,1940.42
188,Camisa,eletronico,1940.42
453,Tênis,roupa,4308.06
444,Relógio,acessorio,2506.17
399,Celular,roupa,4686.91
248,Fone,eletronico,2562.88
409,Fone,eletronico,3552.8
323,Camisa,eletronico,3993.96
454,Camisa,roupa,3399.16
385,Tênis,roupa,27.9
79,Fone,acessorio,974.74
460,Notebook,roupa,4135.59
142,Camisa,acessorio,3703.13
458,Camisa,roupa,680.96
41,Notebook,acessorio,2173.12
431,Notebook,acessorio,297.98
247,Notebook,roupa,157.05
180,Celular,roupa,4789.21
480,Notebook,acessorio,909.12
99,Celular,roupa,2301.08
49,Celular,acessorio,3793.67
497,Tênis,roupa,3711.69
445,Tênis,roupa,2692.84
301,Relógio,roupa,263.77
290,Fone,acessorio,416.41
19,Tênis,eletronico,2294.61
248,Camisa,acessorio,4093
44,Celular,roupa,2448.49
325,Celular,acessorio,4411.21
471,Tênis,eletronico,220.74
49,Notebook,roupa,1239.06
60,Tênis,acessorio,1075.14
51,Tênis,roupa,3021.19
262,Camisa,acessorio,3114.04
246,Notebook,roupa,2550.38
118,Relógio,acessorio,1496.58
23,Relógio,acessorio,149.59
313,Camisa,eletronico,483.89
182,Notebook,roupa,1535.22
218,Tênis,eletronico,58.27
190,Relógio,roupa,408.66
211,Relógio,acessorio,3780.88
211,Relógio,acessorio,3780.88
196,Celular,roupa,876.2
68,Fone,acessorio,3585.14
122,Notebook,roupa,3629.94
222,Tênis,roupa,3771.83
487,Relógio,roupa,1596.46
358,Camisa,roupa,4374.01
441,Relógio,eletronico,3941.47
435,Camisa,roupa,4313.94
341,Fone,eletronico,4651.93
40,Notebook,acessorio,1567.64
51,Notebook,eletronico,1764.23
42,Relógio,acessorio,3889.56
454,Fone,eletronico,578.38
151,Fone,eletronico,792.1
376,Fone,eletronico,4711.73
439,Relógio,acessorio,4093.54
232,Camisa,eletronico,4122.49
432,Celular,eletronico,2357.26
57,Fone,roupa,652.31
388,Camisa,acessorio,4779.21
272,Camisa,roupa,3299.25
219,Camisa,roupa,3209.24
3,Relógio,acessorio,2374.49
309,Fone,roupa,3650.97
77,Celular,roupa,3418.2
485,Fone,eletronico,1859.27
195,Relógio,acessorio,154.38
372,Fone,roupa,3856.86
20,Notebook,roupa,497.06
85,Camisa,acessorio,101.28
321,Camisa,eletronico,4076.71
346,Camisa,acessorio,4207.36
85,Relógio,eletronico,4694.99
274,Relógio,eletronico,2776.48
9,Celular,acessorio,81.25
500,Tênis,eletronico,3388.66
65,Relógio,acessorio,4359.82
240,Fone,roupa,4566.5
344,Tênis,acessorio,775.12
134,Relógio,eletronico,3693.55
134,Relógio,eletronico,3693.55
466,Relógio,acessorio,4444.47
27,Notebook,eletronico,3362.4
171,Celular,eletronico,3046.82
315,Fone,acessorio,2132.65
436,Tênis,acessorio,1713.27
258,Relógio,acessorio,605.06
258,Celular,roupa,4531.43
399,Fone,eletronico,2927.92
144,Notebook,eletronico,3440.26
2,Celular,eletronico,4553.06
275,Celular,acessorio,2248.89
452,Tênis,roupa,1337.65
64,Fone,roupa,985.41
115,Tênis,eletronico,115.16
200,Camisa,eletronico,2634.96
35,Celular,acessorio,1634.48
123,Notebook,roupa,4213.1
191,Celular,acessorio,2621.8
204,Fone,acessorio,4752.33
226,Tênis,roupa,1210.19
76,Fone,eletronico,2280.4
181,Relógio,eletronico,76.46
159,Notebook,eletronico,4904.28
457,Relógio,roupa,3081.26
355,Celular,roupa,835.74
429,Camisa,acessorio,4270.08
480,Tênis,roupa,1734.37
380,Celular,acessorio,3015.11
104,Fone,eletronico,1257.04
153,Relógio,eletronico,482.74
323,Notebook,roupa,3749.24
136,Tênis,acessorio,3745.5
423,Notebook,acessorio,1899.52
190,Relógio,acessorio,3712.41
181,Camisa,acessorio,2839.38
356,Tênis,acessorio,3037.43
446,Camisa,acessorio,733.21
198,Camisa,roupa,1748.16
194,Tênis,acessorio,3486.63
165,Camisa,eletronico,3398.87
165,Camisa,eletronico,3398.87
172,Notebook,acessorio,4349.3
161,Celular,roupa,1011.55
22,Camisa,roupa,95.96
11,Notebook,eletronico,1124.25
211,Notebook,acessorio,3859.36
128,Camisa,acessorio,3663.98
292,Tênis,eletronico,1416
275,Notebook,eletronico,4684.3
210,Tênis,eletronico,1447.02
109,Relógio,eletronico,2191.79
482,Tênis,acessorio,2363.34
279,Camisa,roupa,4755.52
165,Relógio,roupa,327.32
298,Camisa,roupa,430.18
124,Camisa,acessorio,723.5
483,Tênis,eletronico,4110.05
369,Fone,roupa,3560.81
184,Notebook,eletronico,3011.86
93,Tênis,acessorio,3073.11
39,Notebook,eletronico,1597.68
384,Notebook,eletronico,1879.4
80,Tênis,eletronico,300.23
412,Celular,acessorio,541.29
162,Camisa,roupa,3475.36
200,Fone,eletronico,1278.46
39,Relógio,eletronico,724.36
363,Notebook,acessorio,1198.83
122,Relógio,roupa,1925.02
27,Relógio,roupa,1719.43
193,Fone,eletronico,2687.7
114,Fone,roupa,974.73
3,Fone,eletronico,318.7
63,Celular,acessorio,3538.28
204,Fone,acessorio,1144.06
421,Celular,acessorio,3669.25
200,Camisa,roupa,4967.3
385,Relógio,eletronico,4784.74
323,Fone,acessorio,4168.89
338,Celular,acessorio,584.74
432,Tênis,roupa,1453.39
432,Tênis,roupa,1453.39
226,Camisa,roupa,485.81
461,Notebook,acessorio,2993.77
174,Relógio,acessorio,1620.52
126,Notebook,eletronico,3866.7
376,Relógio,acessorio,2422.34
349,Camisa,acessorio,3627
162,Notebook,roupa,886.64
295,Camisa,roupa,3708.36
390,Celular,eletronico,2645.34
41,Celular,acessorio,553.05
181,Tênis,eletronico,970.94
382,Camisa,eletronico,4932.07
292,Fone,eletronico,4779.02
68,Tênis,acessorio,3174.19
372,Fone,eletronico,84.91
81,Camisa,eletronico,3358.38
133,Camisa,roupa,2200.34
13,Notebook,eletronico,4998.5
361,Relógio,acessorio,3032.69
424,Camisa,eletronico,3399.97
82,Celular,acessorio,2892.6
65,Notebook,eletronico,908.59
466,Fone,acessorio,4904.72
406,Fone,roupa,3832.93
257,Notebook,roupa,4168.15
244,Fone,acessorio,4457.51
391,Fone,acessorio,4510
149,Celular,roupa,1422.05
372,Fone,acessorio,3203.51
162,Camisa,acessorio,4187.57
470,Fone,roupa,935.56
9,Fone,acessorio,1638.17
15,Tênis,roupa,3702.02
442,Relógio,eletronico,97.27
137,Celular,roupa,3708.17
13,Tênis,acessorio,580.95
146,Celular,eletronico,1660.37
149,Relógio,eletronico,1642.07
46,Camisa,eletronico,3394.71
138,Camisa,acessorio,4404.29
138,Camisa,acessorio,4404.29
18,Fone,roupa,109.24
80,Notebook,eletronico,3608.29
16,Celular,acessorio,3906.31
364,Camisa,acessorio,4945.41
180,Celular,eletronico,924.58
344,Relógio,eletronico,4889.97
499,Celular,roupa,732.45
114,Celular,acessorio,3165.84
400,Fone,acessorio,3293.1
355,Fone,roupa,2460.19
226,Camisa,eletronico,3129.91
374,Relógio,eletronico,325.11
72,Notebook,roupa,710.36
75,Notebook,roupa,3958.85
429,Camisa,eletronico,3767.99
195,Fone,roupa,4019.55
16,Celular,acessorio,1708.93
223,Camisa,roupa,1433.99
386,Celular,roupa,1219.47
319,Camisa,roupa,3094.69
8,Tênis,eletronico,180.89
270,Tênis,acessorio,4799.87
358,Camisa,eletronico,203.48
299,Notebook,roupa,3797.95
234,Fone,eletronico,4510.89
407,Celular,acessorio,4988.68
209,Celular,roupa,4573.33
93,Fone,roupa,4473.76
236,Fone,roupa,3799.32
452,Relógio,eletronico,4670.44
260,Notebook,eletronico,3006.09
205,Relógio,roupa,2820.95
348,Notebook,acessorio,3819.4
46,Fone,acessorio,794.48
149,Celular,acessorio,4155.37
487,Fone,eletronico,92.17
69,Camisa,eletronico,1197.2
131,Fone,eletronico,3547.8
269,Camisa,roupa,4214.94
72,Relógio,acessorio,2785.6
72,Relógio,acessorio,2785.6
442,Camisa,acessorio,3649.9
495,Fone,roupa,1552.46
97,Celular,roupa,1854.11
20,Relógio,roupa,109.6
97,Camisa,eletronico,1484.92
149,Camisa,acessorio,2617.23
4,Notebook,eletronico,2161.32
152,Relógio,eletronico,459.59
71,Camisa,roupa,52.03
302,Relógio,acessorio,1896.41
79,Celular,eletronico,1258.63
441,Notebook,acessorio,461.89
407,Notebook,acessorio,470.35
16,Fone,eletronico,748.07
286,Celular,eletronico,3814.8
336,Relógio,eletronico,1424.58
78,Tênis,eletronico,2813.89
341,Relógio,eletronico,4778.35
297,Fone,roupa,1075.4
160,Camisa,roupa,4127.12
241,Fone,acessorio,2172.43
151,Camisa,eletronico,108.27
267,Fone,roupa,3512.52
120,Celular,eletronico,3354.07
387,Relógio,roupa,2343.9
71,Tênis,eletronico,340.27
135,Fone,roupa,3643.53
416,Tênis,acessorio,2428.84
230,Fone,roupa,939.96
460,Fone,roupa,4139.24
21,Notebook,acessorio,199.87
94,Celular,acessorio,1515.74
422,Celular,roupa,707.61
318,Notebook,eletronico,915.42
263,Celular,roupa,1622.34
336,Relógio,eletronico,127.15
291,Tênis,eletronico,2983.72
231,Celular,roupa,2207.04
174,Relógio,roupa,2555.77
463,Notebook,roupa,538.19
463,Notebook,roupa,538.19
64,Notebook,eletronico,2907.17
190,Notebook,eletronico,488.38
413,Fone,roupa,2290.24
9,Camisa,eletronico,2116.43
496,Fone,eletronico,2676.81
30,Relógio,acessorio,226.64
355,Fone,roupa,2759.94
492,Tênis,roupa,2804.56
40,Relógio,roupa,717.53
44,Camisa,acessorio,1124.11
466,Relógio,acessorio,2552.31
267,Notebook,roupa,960.32
24,Relógio,acessorio,1463.76
154,Celular,roupa,4774.93
157,Relógio,roupa,4546.54
206,Tênis,eletronico,2123.7
30,Camisa,acessorio,2351.49
468,Relógio,roupa,3645.93
287,Fone,roupa,4068.97
331,Relógio,roupa,4280.2
324,Relógio,roupa,725.81
77,Celular,eletronico,4420.71
230,Camisa,eletronico,1262.42
460,Tênis,acessorio,4647.63
306,Fone,roupa,4708.1
300,Fone,acessorio,3091.4
325,Fone,roupa,683.87
495,Notebook,roupa,4078.86
127,Tênis,acessorio,4559.36
137,Camisa,acessorio,3358.93
465,Camisa,acessorio,1178.7
292,Celular,acessorio,3799.36
329,Relógio,acessorio,53.28
143,Fone,acessorio,196.99
460,Relógio,eletronico,1032.96
79,Tênis,acessorio,1152.26
119,Notebook,eletronico,341.14
455,Relógio,roupa,3755.83
53,Notebook,acessorio,2024.72
178,Celular,eletronico,305.77
178,Celular,eletronico,305.77
96,Tênis,acessorio,4051.76
418,Notebook,eletronico,1849.68
189,Fone,roupa,1140.37
7,Notebook,eletronico,165.9
381,Celular,roupa,3256.54
487,Fone,roupa,2597.91
483,Tênis,roupa,2408.56
73,Notebook,roupa,4934.03
310,Celular,acessorio,4106.27
158,Tênis,acessorio,1229.94
10,Celular,roupa,2579.61
243,Tênis,eletronico,3430.77
366,Celular,roupa,757.17
427,Fone,acessorio,2317
387,Relógio,acessorio,376.91
304,Relógio,acessorio,322.3
31,Celular,eletronico,3160.48
474,Fone,acessorio,4309.61
152,Relógio,roupa,26.9
442,Celular,eletronico,3430.56
105,Notebook,eletronico,914.05
24,Camisa,eletronico,4574.11
375,Fone,eletronico,2177.41
46,Tênis,acessorio,2874.99
317,Relógio,acessorio,3889.46
98,Relógio,acessorio,4397.69
66,Tênis,acessorio,165.56
342,Relógio,roupa,4052.63
319,Tênis,eletronico,2031.77
407,Tênis,acessorio,2463.46
241,Tênis,roupa,4982.96
115,Camisa,acessorio,3521.17
186,Camisa,eletronico,3954.25
160,Tênis,eletronico,3329.05
351,Relógio,eletronico,1209.23
198,Notebook,eletronico,3791.92
336,Relógio,eletronico,4133.35
498,Tênis,roupa,1022.13
352,Tênis,roupa,4572.7
459,Tênis,roupa,3482.92
459,Tênis,roupa,3482.92
20,Relógio,eletronico,264.3
330,Notebook,acessorio,4582.43
380,Celular,roupa,2770.57
12,Relógio,roupa,3758.7
410,Tênis,roupa,3212.97
176,Tênis,acessorio,1461.32
150,Camisa,roupa,4768.95
323,Notebook,acessorio,210.65
345,Celular,roupa,2594.37
468,Notebook,eletronico,1246.98
403,Tênis,eletronico,3506.57
401,Notebook,roupa,1421.28
378,Tênis,eletronico,2782.1
411,Celular,eletronico,2332.86
363,Tênis,eletronico,3966.87
289,Relógio,roupa,4193.02
240,Tênis,roupa,1949.66
431,Fone,roupa,1268.01
125,Fone,eletronico,1274.18
391,Fone,roupa,2121.34
10,Notebook,eletronico,3779.16
121,Celular,roupa,1477.27
24,Tênis,roupa,4439.97
243,Fone,roupa,3360.77
239,Fone,acessorio,4787.95
127,Celular,roupa,4152.64
288,Tênis,acessorio,4375.36
307,Celular,eletronico,3327.6
297,Tênis,roupa,3165.47
265,Fone,roupa,4965.66
294,Celular,roupa,1293.34
483,Celular,acessorio,3040.4
271,Relógio,acessorio,4972.49
287,Fone,eletronico,2512.62
406,Camisa,roupa,793.44
499,Tênis,acessorio,2228.37
127,Notebook,roupa,1469.52
482,Celular,acessorio,129.09
247,Relógio,roupa,794.66
70,Camisa,acessorio,600.23
70,Camisa,acessorio,600.23
474,Notebook,eletronico,4038.29
78,Fone,eletronico,1069.74
444,Relógio,eletronico,242.37
219,Camisa,eletronico,3799.67
77,Relógio,roupa,4199.87
462,Camisa,eletronico,1694.16
226,Tênis,eletronico,4005.27
83,Notebook,eletronico,545.45
313,Relógio,roupa,4815.45
355,Relógio,acessorio,2845.11
457,Camisa,roupa,930.09
475,Notebook,acessorio,3373.17
498,Tênis,eletronico,3335.21
34,Tênis,eletronico,1100.02
355,Celular,roupa,1772.17
106,Relógio,eletronico,1064.38
415,Relógio,acessorio,4321.31
273,Relógio,roupa,3151.92
90,Celular,eletronico,1795.03
329,Relógio,roupa,3931.91
468,Fone,acessorio,4078.3
37,Notebook,eletronico,3227.56
46,Relógio,eletronico,1427.52
151,Tênis,eletronico,3775.26
98,Camisa,roupa,2957.06
466,Notebook,acessorio,3936.57
155,Tênis,eletronico,3294.87
484,Celular,eletronico,138.22
93,Fone,eletronico,1712.05
461,Fone,roupa,4150.88
207,Notebook,eletronico,2149.04
40,Celular,acessorio,2554.03
303,Relógio,acessorio,3880.39
47,Fone,eletronico,2940.23
313,Notebook,roupa,4124.23
282,Camisa,eletronico,3641.41
327,Tênis,acessorio,4985.04
96,Celular,eletronico,52.61
276,Celular,eletronico,21.31
170,Notebook,eletronico,646.27
170,Notebook,eletronico,646.27
155,Tênis,eletronico,743.73
85,Fone,eletronico,1735.46
23,Notebook,eletronico,1112.28
324,Notebook,eletronico,3328.29
138,Fone,roupa,1970.92
405,Camisa,acessorio,3151.26
374,Notebook,acessorio,2427.13
67,Celular,acessorio,769.9
326,Fone,acessorio,4056.71
420,Notebook,roupa,2686.12
406,Relógio,acessorio,3151.84
475,Relógio,acessorio,1577.65
455,Notebook,acessorio,2754.66
57,Relógio,eletronico,1967.18
336,Notebook,eletronico,2650.48
265,Tênis,eletronico,4628.5
372,Tênis,roupa,3214.1
21,Celular,acessorio,1467.51
67,Fone,acessorio,4510.08
7,Notebook,acessorio,4954.25
398,Tênis,roupa,505.42
264,Camisa,roupa,4081.31
343,Tênis,eletronico,1175.93
212,Celular,acessorio,1020.13
52,Tênis,eletronico,2705.55
188,Celular,roupa,2259.2
82,Camisa,eletronico,252.23
186,Notebook,roupa,1637.55
82,Tênis,acessorio,2337.38
451,Fone,acessorio,2524.91
184,Fone,acessorio,2114.1
483,Tênis,eletronico,1380.4
73,Notebook,acessorio,2591
410,Notebook,acessorio,1090.32
205,Camisa,roupa,3966.7
433,Fone,acessorio,3192.86
219,Notebook,roupa,3923.57
302,Relógio,acessorio,2973.43
405,Tênis,acessorio,4416.4
406,Notebook,eletronico,3263.77
406,Notebook,eletronico,3263.77
55,Celular,acessorio,423.72
104,Notebook,roupa,975.12
192,Fone,roupa,4159.34
425,Fone,eletronico,1894.09
485,Celular,eletronico,4302.38
200,Camisa,eletronico,3902.39
466,Camisa,roupa,1500.54
83,Notebook,acessorio,3086.82
11,Camisa,roupa,4433.01
379,Tênis,eletronico,2777.5
441,Tênis,acessorio,4081.91
372,Celular,acessorio,4705.46
177,Camisa,acessorio,227.97
421,Celular,eletronico,2235.38
170,Relógio,roupa,4866.85
121,Fone,acessorio,3395.1
470,Tênis,roupa,4229.75
403,Relógio,roupa,1284.43
110,Celular,eletronico,1932.12
46,Tênis,acessorio,4794.64
232,Fone,roupa,3521.95
360,Relógio,eletronico,2953.24
65,Notebook,roupa,371.19
236,Notebook,acessorio,4127.36
83,Celular,roupa,4295
314,Relógio,acessorio,3557.58
416,Notebook,roupa,2040.86
222,Celular,roupa,3989.55
332,Tênis,roupa,4801.2
307,Fone,acessorio,250.67
247,Fone,eletronico,551.35
58,Notebook,eletronico,3466.76
383,Celular,roupa,1865.96
164,Notebook,roupa,2694.72
77,Fone,roupa,1969.63
474,Tênis,eletronico,2280.53
195,Tênis,acessorio,1410.3
131,Relógio,eletronico,4518.21
393,Tênis,eletronico,1723.32
54,Relógio,acessorio,3141.86
54,Relógio,acessorio,3141.86
337,Tênis,acessorio,456.73
96,Camisa,acessorio,4975.53
23,Fone,acessorio,446.45
15,Tênis,acessorio,244.08
77,Tênis,roupa,1536.03
445,Camisa,roupa,2607.51
62,Camisa,roupa,170.43
447,Fone,eletronico,2677.55
35,Tênis,acessorio,2647.89
319,Relógio,eletronico,1325.65
216,Celular,acessorio,4268.03
488,Relógio,roupa,1273.7
446,Fone,roupa,1694.5
440,Celular,roupa,4188.33
364,Notebook,roupa,2511.88
126,Camisa,eletronico,2130.55
172,Notebook,acessorio,1813.9
462,Camisa,acessorio,2482.22
178,Celular,eletronico,1071.41
335,Fone,roupa,2644.24
86,Fone,eletronico,1213.99
479,Fone,roupa,4052.18
7,Relógio,roupa,4478.46
286,Fone,eletronico,2780.58
398,Fone,eletronico,2276
324,Camisa,eletronico,4946.41
376,Notebook,roupa,2634.61
450,Camisa,eletronico,754.67
496,Celular,eletronico,3861.26
467,Fone,roupa,479.96
104,Camisa,roupa,3746.56
82,Tênis,acessorio,3737.56
343,Camisa,eletronico,4571.47
460,Fone,acessorio,662.17
172,Relógio,roupa,1901.11
28,Notebook,roupa,4365.48
202,Notebook,eletronico,2080.96
76,Fone,eletronico,4023.81
82,Celular,eletronico,466.81
28,Relógio,roupa,4871.85
28,Relógio,roupa,4871.85
236,Relógio,roupa,167.77
240,Fone,roupa,3468.67
382,Camisa,eletronico,750.15
470,Notebook,acessorio,345.5
352,Fone,eletronico,980.86
353,Notebook,roupa,85.8
447,Relógio,acessorio,1563.48
161,Fone,acessorio,436.07
383,Fone,acessorio,2079.15
24,Tênis,eletronico,2067.5
3,Notebook,roupa,4373.04
248,Notebook,eletronico,3473.17
57,Fone,acessorio,3190.39
260,Relógio,roupa,4228.87
163,Relógio,roupa,4061.9
8,Tênis,acessorio,4405.95
217,Camisa,roupa,2168.92
69,Relógio,acessorio,899.79
256,Notebook,roupa,670.06
79,Camisa,roupa,1777.06
220,Notebook,eletronico,3929.1
213,Camisa,roupa,419.13
162,Celular,eletronico,4608.17
104,Camisa,eletronico,3971.14
182,Notebook,acessorio,1105.64
409,Relógio,eletronico,892.33
171,Camisa,acessorio,4400.94
374,Notebook,eletronico,3414.75
266,Camisa,roupa,3545.23
170,Camisa,acessorio,3777.84
168,Celular,acessorio,3044.5
446,Fone,acessorio,1700.24
338,Celular,roupa,1931.95
111,Fone,eletronico,3988.18
259,Relógio,eletronico,307.19
484,Fone,eletronico,4732.6
227,Tênis,eletronico,190.64
44,Fone,roupa,4202.29
403,Relógio,roupa,984.48
257,Fone,roupa,4391.33
257,Fone,roupa,4391.33
202,Notebook,acessorio,4383.21
231,Notebook,roupa,886.64
405,Camisa,acessorio,4021.04
482,Notebook,roupa,1974.09
410,Celular,roupa,1205.05
190,Celular,acessorio,2750.79
346,Fone,eletronico,1257.21
391,Camisa,eletronico,3925.82
78,Camisa,acessorio,4360.87
249,Fone,acessorio,2606.39
323,Camisa,eletronico,2379.95
108,Relógio,acessorio,3854.69
358,Fone,roupa,2036.36
362,Tênis,roupa,3879.52
81,Celular,roupa,583.82
454,Fone,acessorio,1316.46
92,Camisa,acessorio,3415.17
73,Notebook,eletronico,1286.01
31,Relógio,roupa,2922.38
53,Relógio,roupa,441.58
274,Fone,acessorio,4398.37
440,Camisa,eletronico,3238.35
161,Notebook,acessorio,31.59
216,Camisa,acessorio,996.55
369,Notebook,acessorio,1256.17
387,Notebook,roupa,1113.49
242,Celular,roupa,3623.99
331,Celular,acessorio,3275.69
109,Relógio,roupa,1978.8
478,Notebook,acessorio,4409.08
127,Tênis,eletronico,858.22
154,Relógio,roupa,2691.7
170,Notebook,acessorio,3021.66
401,Notebook,eletronico,3547.69
411,Fone,roupa,4257.73
402,Celular,roupa,1029.44
295,Tênis,acessorio,1630.01
440,Relógio,acessorio,2832.31
264,Fone,eletronico,2098.69
425,Relógio,acessorio,1368.47
425,Relógio,acessorio,1368.47
373,Fone,acessorio,503.01
267,Fone,roupa,3149.96
340,Relógio,roupa,2221.9
169,Relógio,acessorio,3264.08
464,Relógio,acessorio,3625.56
437,Tênis,acessorio,3949.05
131,Celular,acessorio,2525.05
60,Notebook,roupa,4020.05
344,Celular,eletronico,1848.9
219,Fone,acessorio,1546.5
231,Relógio,eletronico,122.8
255,Celular,eletronico,3426.42
166,Relógio,roupa,4540.2
313,Tênis,roupa,1739.12
154,Notebook,acessorio,1028.44
37,Relógio,eletronico,3412.62
454,Camisa,roupa,4773.57
218,Fone,eletronico,3646.89
227,Fone,roupa,3952.52
130,Celular,acessorio,561.64
36,Fone,acessorio,2230.53
140,Celular,roupa,3857.8
251,Celular,eletronico,4441.07
332,Fone,eletronico,4491.26
40,Camisa,eletronico,176.43
295,Relógio,acessorio,3508.74
162,Camisa,roupa,3311.12
122,Fone,roupa,2468.2
274,Fone,acessorio,1227.84
54,Camisa,acessorio,3957.61
412,Camisa,eletronico,1914.72
158,Tênis,acessorio,2612.6
179,Fone,acessorio,1599.05
453,Fone,acessorio,1963.96
134,Tênis,acessorio,1898.92
55,Notebook,acessorio,2785.24
59,Fone,eletronico,2950.88
225,Tênis,acessorio,3482.92
338,Tênis,eletronico,1925.92
367,Fone,acessorio,3064.46
367,Fone,acessorio,3064.46
292,Notebook,roupa,3738.23
84,Fone,roupa,2723.83
498,Celular,eletronico,2596.85
251,Tênis,acessorio,1541.15
344,Tênis,roupa,1749.24
488,Relógio,acessorio,850.94
182,Relógio,roupa,883.9
126,Fone,roupa,304.19
232,Fone,eletronico,3907.81
289,Camisa,eletronico,2446.7
306,Celular,eletronico,3295.6
216,Relógio,roupa,260.5
300,Notebook,roupa,3829.56
488,Camisa,eletronico,4669.91
44,Camisa,roupa,4632.91
268,Celular,roupa,547.22
423,Camisa,acessorio,3912.86
51,Notebook,roupa,564.31
83,Fone,roupa,2872.65
278,Camisa,eletronico,3215.66
63,Relógio,acessorio,1352.24
293,Relógio,eletronico,4499.68
147,Tênis,eletronico,4099.53
268,Fone,acessorio,3149.1
191,Notebook,acessorio,2032.32
431,Relógio,eletronico,3337.67
208,Notebook,acessorio,1122.74
109,Celular,acessorio,1719.56
58,Tênis,acessorio,832.36
457,Camisa,roupa,4505.25
100,Celular,roupa,4445.8
433,Fone,roupa,2760.51
351,Tênis,acessorio,4436.61
131,Camisa,eletronico,4890.33
99,Notebook,acessorio,3041.52
97,Relógio,eletronico,527.59
38,Celular,roupa,2931.91
188,Celular,acessorio,2472.89
18,Camisa,roupa,1216.02
